,Job Title Index,Job ID,Job Title,Company Name,Company Location,Link
0,1,p_8cbde469b526f937,Municipal Designer,"Gannett Fleming, Inc.","Toronto, ON",https://ca.indeed.com/jobs?q=Process+EIT&l=canada&sort=date&fromage=14&start=0&vjk=p_8cbde469b526f937
1,1,p_476ef0c6c3f20408,Mechanical Engineering Graduate,AECOM,"Winnipeg, MB",https://ca.indeed.com/jobs?q=Process+EIT&l=canada&sort=date&fromage=14&start=0&vjk=p_476ef0c6c3f20408
2,1,p_ec1badbed12494f1,Applications Engineer,Technel Engineering Inc.,"Woodbridge, ON",https://ca.indeed.com/jobs?q=Process+EIT&l=canada&sort=date&fromage=14&start=0&vjk=p_ec1badbed12494f1
3,1,p_6c9bf8399ff4fed6,Structural Engineering Graduate,AECOM,"Winnipeg, MB",https://ca.indeed.com/jobs?q=Process+EIT&l=canada&sort=date&fromage=14&start=0&vjk=p_6c9bf8399ff4fed6
4,1,pj_3265188d7c2601b5,Metallurgist,Flank Engineering Inc.,"Burlington, ON",https://ca.indeed.com/jobs?q=Process+EIT&l=canada&sort=date&fromage=14&start=0&vjk=pj_3265188d7c2601b5
5,1,p_ac2f8155bbff00d8,Project Coordinator,O'Neill Project Management Inc.,"Saskatoon, SK",https://ca.indeed.com/jobs?q=Process+EIT&l=canada&sort=date&fromage=14&start=0&vjk=p_ac2f8155bbff00d8
6,1,p_147babeac0c3e5db,Project Coordinator,CEDA,"Edmonton, AB",https://ca.indeed.com/jobs?q=Process+EIT&l=canada&sort=date&fromage=14&start=0&vjk=p_147babeac0c3e5db
7,1,pj_a1f63b57ca0e6770,Electrical EIT,Core One Consulting Ltd.,"Montréal, QC",https://ca.indeed.com/jobs?q=Process+EIT&l=canada&sort=date&fromage=14&start=0&vjk=pj_a1f63b57ca0e6770
8,1,p_c48406d023594c71,Field Production Engineer (EIT),Canlin Energy Corporation,"Rocky Mountain House, AB",https://ca.indeed.com/jobs?q=Process+EIT&l=canada&sort=date&fromage=14&start=0&vjk=p_c48406d023594c71
9,1,p_74aa66051d783d68,Facility Integrity Engineer / Engineer-In-Training,TC Energy,"Calgary, AB",https://ca.indeed.com/jobs?q=Process+EIT&l=canada&sort=date&fromage=14&start=0&vjk=p_74aa66051d783d68
10,1,p_6543886681222306,Sales Coordinator,Newton Group Ltd.,"Guelph, ON",https://ca.indeed.com/jobs?q=Process+EIT&l=canada&sort=date&fromage=14&start=0&vjk=p_6543886681222306
11,1,p_b975563931a16ce4,Junior Water/Wastewater Engineer,Jacobs,"Toronto, ON",https://ca.indeed.com/jobs?q=Process+EIT&l=canada&sort=date&fromage=14&start=0&vjk=p_b975563931a16ce4
12,1,p_0881f0be77980352,Planning Coordinator,FWS Group,"Winnipeg, MB",https://ca.indeed.com/jobs?q=Process+EIT&l=canada&sort=date&fromage=14&start=0&vjk=p_0881f0be77980352
13,1,p_bad432788d4f1117,Civil Engineer,HDR,"Vancouver, BC",https://ca.indeed.com/jobs?q=Process+EIT&l=canada&sort=date&fromage=14&start=0&vjk=p_bad432788d4f1117
14,1,p_e1d11f33349edad9,"Designer, EIT - Bridges",WSP,"Regina, SK",https://ca.indeed.com/jobs?q=Process+EIT&l=canada&sort=date&fromage=14&start=0&vjk=p_e1d11f33349edad9
15,1,p_e1976b7691e999b0,Engineer-in-Training (EIT),City of Edmonton,"Edmonton, AB",https://ca.indeed.com/jobs?q=Process+EIT&l=canada&sort=date&fromage=14&start=10&vjk=p_e1976b7691e999b0
16,1,p_e9ee36e980b46d48,Engineer I - Welding Engineering - MF - KIN - Jan 2021,Framatome,"Kincardine, ON",https://ca.indeed.com/jobs?q=Process+EIT&l=canada&sort=date&fromage=14&start=10&vjk=p_e9ee36e980b46d48
17,1,p_a212185ce3489bf0,Project Manager I - Project Delivery Branch,City of Vancouver,"Vancouver, BC",https://ca.indeed.com/jobs?q=Process+EIT&l=canada&sort=date&fromage=14&start=10&vjk=p_a212185ce3489bf0
18,1,pj_12ab08852874b8fd,Civil Project Manager,Waterford Executive,"Barrie, ON",https://ca.indeed.com/jobs?q=Process+EIT&l=canada&sort=date&fromage=14&start=10&vjk=pj_12ab08852874b8fd
19,1,pj_46217fb895c97000,Electrical Engineer,Unit Electrical Engineering Ltd.,"Okanagan Falls, BC",https://ca.indeed.com/jobs?q=Process+EIT&l=canada&sort=date&fromage=14&start=10&vjk=pj_46217fb895c97000
20,1,p_50c173dda09569e5,Junior/intermediate Project and Process Engineers,Atlas BA Consulting Engineering,"Calgary, AB",https://ca.indeed.com/jobs?q=Process+EIT&l=canada&sort=date&fromage=14&start=10&vjk=p_50c173dda09569e5
21,1,p_feba946509c13a2c,Transportation Technologist / Engineer-in-Training (E.I.T.),C.F. Crozier & Associates Inc.,"Milton, ON",https://ca.indeed.com/jobs?q=Process+EIT&l=canada&sort=date&fromage=14&start=10&vjk=p_feba946509c13a2c
22,1,p_6386f4418f561175,Junior Traffic Engineer (EIT),McElhanney Ltd.,"Surrey, BC",https://ca.indeed.com/jobs?q=Process+EIT&l=canada&sort=date&fromage=14&start=10&vjk=p_6386f4418f561175
23,1,p_9040853200753110,Geotechnical/Civil EIT,exp,"Greater Sudbury, ON",https://ca.indeed.com/jobs?q=Process+EIT&l=canada&sort=date&fromage=14&start=10&vjk=p_9040853200753110
24,1,p_8949f8d75b60db0b,Project Coordinator,Comtech Group,"Toronto, ON",https://ca.indeed.com/jobs?q=Process+EIT&l=canada&sort=date&fromage=14&start=10&vjk=p_8949f8d75b60db0b
25,1,p_8efc883198ef41c6,Asset Planning Analyst,"City of Burlington, Ontario","Burlington, ON",https://ca.indeed.com/jobs?q=Process+EIT&l=canada&sort=date&fromage=14&start=10&vjk=p_8efc883198ef41c6
26,1,p_778832ad534eec2e,Mechanical Engineer,Westinghouse Electric Company,"Peterborough, ON",https://ca.indeed.com/jobs?q=Process+EIT&l=canada&sort=date&fromage=14&start=10&vjk=p_778832ad534eec2e
27,1,p_cb14c70f08d04d42,Junior Acoustics & Vibration Specialist/Engineer,Wood Plc,"Oakville, ON",https://ca.indeed.com/jobs?q=Process+EIT&l=canada&sort=date&fromage=14&start=10&vjk=p_cb14c70f08d04d42
28,1,p_f698d93f3300fe31,Engineering Technologist II,Chatham-Kent,"Chatham-Kent, ON",https://ca.indeed.com/jobs?q=Process+EIT&l=canada&sort=date&fromage=14&start=10&vjk=p_f698d93f3300fe31
29,1,p_9ba21c595163e388,Superintendent,Tritech group,"Langley, BC",https://ca.indeed.com/jobs?q=Process+EIT&l=canada&sort=date&fromage=14&start=10&vjk=p_9ba21c595163e388
30,1,p_b6af9db0fadf033c,Project Coordinator,OCL Group,"Fort McMurray, AB",https://ca.indeed.com/jobs?q=Process+EIT&l=canada&sort=date&fromage=14&start=20&vjk=p_b6af9db0fadf033c
31,1,p_dfe2c00f5e7cc314,Lead Engineering Technologist – Operations,District of Sooke,"Sooke, BC",https://ca.indeed.com/jobs?q=Process+EIT&l=canada&sort=date&fromage=14&start=20&vjk=p_dfe2c00f5e7cc314
32,1,p_8cbe1da16e2b93da,Quotations Specialist,Robertson Electric Wholesale,"Ottawa, ON",https://ca.indeed.com/jobs?q=Process+EIT&l=canada&sort=date&fromage=14&start=20&vjk=p_8cbe1da16e2b93da
33,1,p_90e9981a065399a7,Project Manager / Estimator,Hall Mechanical Services Inc,"Surrey, BC",https://ca.indeed.com/jobs?q=Process+EIT&l=canada&sort=date&fromage=14&start=20&vjk=p_90e9981a065399a7
34,1,p_4f132dadad130133,Environmental Engineer/Geoscientist,SLR Consulting,"Regina, SK",https://ca.indeed.com/jobs?q=Process+EIT&l=canada&sort=date&fromage=14&start=20&vjk=p_4f132dadad130133
35,1,p_da66e3b24d28e98a,Environmental Engineer / Geoscientist,SLR Consulting (Canada),"Regina, SK",https://ca.indeed.com/jobs?q=Process+EIT&l=canada&sort=date&fromage=14&start=20&vjk=p_da66e3b24d28e98a
36,1,p_65b476e8b461b028,Project Manager - Special Projects - Montreal,Canadian Pacific,"Montréal, QC",https://ca.indeed.com/jobs?q=Process+EIT&l=canada&sort=date&fromage=14&start=20&vjk=p_65b476e8b461b028
37,1,p_8949f8d75b60db0b,Project Coordinator,Comtech Group,"Toronto, ON",https://ca.indeed.com/jobs?q=Process+EIT&l=canada&sort=date&fromage=14&start=30&vjk=p_8949f8d75b60db0b
38,1,p_6386f4418f561175,Junior Traffic Engineer (EIT),McElhanney Ltd.,"Surrey, BC",https://ca.indeed.com/jobs?q=Process+EIT&l=canada&sort=date&fromage=14&start=30&vjk=p_6386f4418f561175
39,1,p_9040853200753110,Geotechnical/Civil EIT,exp,"Greater Sudbury, ON",https://ca.indeed.com/jobs?q=Process+EIT&l=canada&sort=date&fromage=14&start=30&vjk=p_9040853200753110
40,1,p_8efc883198ef41c6,Asset Planning Analyst,"City of Burlington, Ontario","Burlington, ON",https://ca.indeed.com/jobs?q=Process+EIT&l=canada&sort=date&fromage=14&start=30&vjk=p_8efc883198ef41c6
41,1,p_778832ad534eec2e,Mechanical Engineer,Westinghouse Electric Company,"Peterborough, ON",https://ca.indeed.com/jobs?q=Process+EIT&l=canada&sort=date&fromage=14&start=30&vjk=p_778832ad534eec2e
42,1,p_cb14c70f08d04d42,Junior Acoustics & Vibration Specialist/Engineer,Wood Plc,"Oakville, ON",https://ca.indeed.com/jobs?q=Process+EIT&l=canada&sort=date&fromage=14&start=30&vjk=p_cb14c70f08d04d42
43,1,p_9ba21c595163e388,Superintendent,Tritech group,"Langley, BC",https://ca.indeed.com/jobs?q=Process+EIT&l=canada&sort=date&fromage=14&start=30&vjk=p_9ba21c595163e388
44,1,p_b6af9db0fadf033c,Project Coordinator,OCL Group,"Fort McMurray, AB",https://ca.indeed.com/jobs?q=Process+EIT&l=canada&sort=date&fromage=14&start=30&vjk=p_b6af9db0fadf033c
45,1,p_f698d93f3300fe31,Engineering Technologist II,Chatham-Kent,"Chatham-Kent, ON",https://ca.indeed.com/jobs?q=Process+EIT&l=canada&sort=date&fromage=14&start=30&vjk=p_f698d93f3300fe31
46,1,p_8cbe1da16e2b93da,Quotations Specialist,Robertson Electric Wholesale,"Ottawa, ON",https://ca.indeed.com/jobs?q=Process+EIT&l=canada&sort=date&fromage=14&start=30&vjk=p_8cbe1da16e2b93da
47,1,p_dfe2c00f5e7cc314,Lead Engineering Technologist – Operations,District of Sooke,"Sooke, BC",https://ca.indeed.com/jobs?q=Process+EIT&l=canada&sort=date&fromage=14&start=30&vjk=p_dfe2c00f5e7cc314
48,1,p_90e9981a065399a7,Project Manager / Estimator,Hall Mechanical Services Inc,"Surrey, BC",https://ca.indeed.com/jobs?q=Process+EIT&l=canada&sort=date&fromage=14&start=30&vjk=p_90e9981a065399a7
49,1,p_da66e3b24d28e98a,Environmental Engineer / Geoscientist,SLR Consulting (Canada),"Regina, SK",https://ca.indeed.com/jobs?q=Process+EIT&l=canada&sort=date&fromage=14&start=30&vjk=p_da66e3b24d28e98a
50,1,p_4f132dadad130133,Environmental Engineer/Geoscientist,SLR Consulting,"Regina, SK",https://ca.indeed.com/jobs?q=Process+EIT&l=canada&sort=date&fromage=14&start=30&vjk=p_4f132dadad130133
51,1,p_65b476e8b461b028,Project Manager - Special Projects - Montreal,Canadian Pacific,"Montréal, QC",https://ca.indeed.com/jobs?q=Process+EIT&l=canada&sort=date&fromage=14&start=30&vjk=p_65b476e8b461b028
52,2,p_ff5b263212c4cc2c,Engineer - Planning,Nova Scotia Power Inc.,"Lingan, NS",https://ca.indeed.com/jobs?q=Process+Engineer-in-training&l=canada&sort=date&fromage=14&start=0&vjk=p_ff5b263212c4cc2c
53,2,p_30aa30e029342acb,Mechanical Engineer in Training - Saskatoon,Hatch,"Saskatoon, SK",https://ca.indeed.com/jobs?q=Process+Engineer-in-training&l=canada&sort=date&fromage=14&start=0&vjk=p_30aa30e029342acb
54,2,p_0af954bb7dd543aa,Civil Engineer-in-Training,Urban Systems,"Fort St. John, BC",https://ca.indeed.com/jobs?q=Process+Engineer-in-training&l=canada&sort=date&fromage=14&start=0&vjk=p_0af954bb7dd543aa
55,2,p_2b4f4d384d0a7426,Piping Engineer in Training - Saskatoon,Hatch,"Saskatoon, SK",https://ca.indeed.com/jobs?q=Process+Engineer-in-training&l=canada&sort=date&fromage=14&start=0&vjk=p_2b4f4d384d0a7426
56,2,p_bbb691886e7b9460,Engineer in Training,Trans-Plan Transportation Inc.,"Toronto, ON",https://ca.indeed.com/jobs?q=Process+Engineer-in-training&l=canada&sort=date&fromage=14&start=0&vjk=p_bbb691886e7b9460
57,2,p_6c9bf8399ff4fed6,Structural Engineering Graduate,AECOM,"Winnipeg, MB",https://ca.indeed.com/jobs?q=Process+Engineer-in-training&l=canada&sort=date&fromage=14&start=0&vjk=p_6c9bf8399ff4fed6
58,2,p_4fe94d38a481d534,Engineer in Training,Plains Midstream Canada,"Empress, AB",https://ca.indeed.com/jobs?q=Process+Engineer-in-training&l=canada&sort=date&fromage=14&start=0&vjk=p_4fe94d38a481d534
59,2,p_cc8f2cd85e3ab89e,Development Coordinator (Engineer-in-Training),Canadian Solar,"Calgary, AB",https://ca.indeed.com/jobs?q=Process+Engineer-in-training&l=canada&sort=date&fromage=14&start=0&vjk=p_cc8f2cd85e3ab89e
60,2,p_74aa66051d783d68,Facility Integrity Engineer / Engineer-In-Training,TC Energy,"Calgary, AB",https://ca.indeed.com/jobs?q=Process+Engineer-in-training&l=canada&sort=date&fromage=14&start=0&vjk=p_74aa66051d783d68
61,2,p_0dae6d446fd73114,Intermediate Hydrologist / Civil Engineer,Wood Plc,"Oakville, ON",https://ca.indeed.com/jobs?q=Process+Engineer-in-training&l=canada&sort=date&fromage=14&start=0&vjk=p_0dae6d446fd73114
62,2,p_b975563931a16ce4,Junior Water/Wastewater Engineer,Jacobs,"Toronto, ON",https://ca.indeed.com/jobs?q=Process+Engineer-in-training&l=canada&sort=date&fromage=14&start=0&vjk=p_b975563931a16ce4
63,2,pj_db7d348781c0f1da,Production and Parts Supervisor,Ian Martin Workforce,"Saint John, NB",https://ca.indeed.com/jobs?q=Process+Engineer-in-training&l=canada&sort=date&fromage=14&start=0&vjk=pj_db7d348781c0f1da
64,2,p_e1976b7691e999b0,Engineer-in-Training (EIT),City of Edmonton,"Edmonton, AB",https://ca.indeed.com/jobs?q=Process+Engineer-in-training&l=canada&sort=date&fromage=14&start=0&vjk=p_e1976b7691e999b0
65,2,pj_6247bd32a26ab390,Project Manager,Rio Tinto,"Kitimat, BC",https://ca.indeed.com/jobs?q=Process+Engineer-in-training&l=canada&sort=date&fromage=14&start=0&vjk=pj_6247bd32a26ab390
66,2,p_feba946509c13a2c,Transportation Technologist / Engineer-in-Training (E.I.T.),C.F. Crozier & Associates Inc.,"Milton, ON",https://ca.indeed.com/jobs?q=Process+Engineer-in-training&l=canada&sort=date&fromage=14&start=0&vjk=p_feba946509c13a2c
67,2,p_50c173dda09569e5,Junior/intermediate Project and Process Engineers,Atlas BA Consulting Engineering,"Calgary, AB",https://ca.indeed.com/jobs?q=Process+Engineer-in-training&l=canada&sort=date&fromage=14&start=10&vjk=p_50c173dda09569e5
68,2,p_8949f8d75b60db0b,Project Coordinator,Comtech Group,"Toronto, ON",https://ca.indeed.com/jobs?q=Process+Engineer-in-training&l=canada&sort=date&fromage=14&start=10&vjk=p_8949f8d75b60db0b
69,2,p_fafe001c4f8d2979,Rainwater Management Engineer,City of Vancouver,"Vancouver, BC",https://ca.indeed.com/jobs?q=Process+Engineer-in-training&l=canada&sort=date&fromage=14&start=10&vjk=p_fafe001c4f8d2979
70,2,p_2fbf66573e18a00f,Electrical Project Engineering ( Project Holder),LabTest Certification Inc,"Delta, BC",https://ca.indeed.com/jobs?q=Process+Engineer-in-training&l=canada&sort=date&fromage=14&start=10&vjk=p_2fbf66573e18a00f
71,2,p_cb14c70f08d04d42,Junior Acoustics & Vibration Specialist/Engineer,Wood Plc,"Oakville, ON",https://ca.indeed.com/jobs?q=Process+Engineer-in-training&l=canada&sort=date&fromage=14&start=10&vjk=p_cb14c70f08d04d42
72,2,p_9ba21c595163e388,Superintendent,Tritech group,"Langley, BC",https://ca.indeed.com/jobs?q=Process+Engineer-in-training&l=canada&sort=date&fromage=14&start=10&vjk=p_9ba21c595163e388
73,3,pj_5c861f71660bdd90,Jr. Automation Process Engineer,Crystal Claire Cosmetics Inc,"Toronto, ON",https://ca.indeed.com/jobs?q=Junior+Process+Engineer&l=canada&sort=date&fromage=14&start=0&vjk=pj_5c861f71660bdd90
74,3,p_bb32230b8141d238,Junior Process Engineer,Enerkem Inc.,"Montréal, QC",https://ca.indeed.com/jobs?q=Junior+Process+Engineer&l=canada&sort=date&fromage=14&start=0&vjk=p_bb32230b8141d238
75,3,p_1172f615ab98a9f7,"Engineer - Process, Junior",Linamar Corp,"Guelph, ON",https://ca.indeed.com/jobs?q=Junior+Process+Engineer&l=canada&sort=date&fromage=14&start=0&vjk=p_1172f615ab98a9f7
76,3,p_50c173dda09569e5,Junior/intermediate Project and Process Engineers,Atlas BA Consulting Engineering,"Calgary, AB",https://ca.indeed.com/jobs?q=Junior+Process+Engineer&l=canada&sort=date&fromage=14&start=0&vjk=p_50c173dda09569e5
77,3,p_34a2c582637605d1,Junior Process Engineer (Open),SNC-Lavalin,"Mississauga, ON",https://ca.indeed.com/jobs?q=Junior+Process+Engineer&l=canada&sort=date&fromage=14&start=0&vjk=p_34a2c582637605d1
78,3,p_3fd3f65e2782b38c,Junior Process/Mechanical Engineer,SNC-Lavalin,"Mississauga, ON",https://ca.indeed.com/jobs?q=Junior+Process+Engineer&l=canada&sort=date&fromage=14&start=0&vjk=p_3fd3f65e2782b38c
79,3,pj_5c861f71660bdd90,Jr. Automation Process Engineer,Crystal Claire Cosmetics Inc,"Toronto, ON",https://ca.indeed.com/jobs?q=Junior+Process+Engineer&l=canada&sort=date&fromage=14&start=10&vjk=pj_5c861f71660bdd90
80,3,p_bb32230b8141d238,Junior Process Engineer,Enerkem Inc.,"Montréal, QC",https://ca.indeed.com/jobs?q=Junior+Process+Engineer&l=canada&sort=date&fromage=14&start=10&vjk=p_bb32230b8141d238
81,3,p_1172f615ab98a9f7,"Engineer - Process, Junior",Linamar Corp,"Guelph, ON",https://ca.indeed.com/jobs?q=Junior+Process+Engineer&l=canada&sort=date&fromage=14&start=10&vjk=p_1172f615ab98a9f7
82,3,p_50c173dda09569e5,Junior/intermediate Project and Process Engineers,Atlas BA Consulting Engineering,"Calgary, AB",https://ca.indeed.com/jobs?q=Junior+Process+Engineer&l=canada&sort=date&fromage=14&start=10&vjk=p_50c173dda09569e5
83,3,p_34a2c582637605d1,Junior Process Engineer (Open),SNC-Lavalin,"Mississauga, ON",https://ca.indeed.com/jobs?q=Junior+Process+Engineer&l=canada&sort=date&fromage=14&start=10&vjk=p_34a2c582637605d1
84,3,p_3fd3f65e2782b38c,Junior Process/Mechanical Engineer,SNC-Lavalin,"Mississauga, ON",https://ca.indeed.com/jobs?q=Junior+Process+Engineer&l=canada&sort=date&fromage=14&start=10&vjk=p_3fd3f65e2782b38c
85,4,p_c59fa4a33fd686c0,Logistics Engineering Analyst,L3Harris,Canada,https://ca.indeed.com/jobs?q=Junior+Chemical+Engineer&l=canada&sort=date&fromage=14&start=0&vjk=p_c59fa4a33fd686c0
86,4,pj_c714ccec904801fe,Intermediate/Senior Piping Designer,JNE Cousulting,"Hamilton, ON",https://ca.indeed.com/jobs?q=Junior+Chemical+Engineer&l=canada&sort=date&fromage=14&start=0&vjk=pj_c714ccec904801fe
87,4,p_e591b271e7e17473,Junior R&D Engineer (Temporary 1 year),Enerkem Inc.,"Westbury, QC",https://ca.indeed.com/jobs?q=Junior+Chemical+Engineer&l=canada&sort=date&fromage=14&start=0&vjk=p_e591b271e7e17473
88,4,p_8d6cfe27e81a8bab,Senior Control and Automation Engineer - Nuclear,Hatch,"Mississauga, ON",https://ca.indeed.com/jobs?q=Junior+Chemical+Engineer&l=canada&sort=date&fromage=14&start=0&vjk=p_8d6cfe27e81a8bab
89,4,pj_5c861f71660bdd90,Jr. Automation Process Engineer,Crystal Claire Cosmetics Inc,"Toronto, ON",https://ca.indeed.com/jobs?q=Junior+Chemical+Engineer&l=canada&sort=date&fromage=14&start=0&vjk=pj_5c861f71660bdd90
90,4,p_bb32230b8141d238,Junior Process Engineer,Enerkem Inc.,"Montréal, QC",https://ca.indeed.com/jobs?q=Junior+Chemical+Engineer&l=canada&sort=date&fromage=14&start=0&vjk=p_bb32230b8141d238
91,4,p_ffae944d57ed77ed,Engineering Intern,Jacobs,"Calgary, AB",https://ca.indeed.com/jobs?q=Junior+Chemical+Engineer&l=canada&sort=date&fromage=14&start=0&vjk=p_ffae944d57ed77ed
92,4,p_b31ce1e6da51ecdf,Intermediate/Senior Electrical Engineer,mCloud,"Grande Prairie, AB",https://ca.indeed.com/jobs?q=Junior+Chemical+Engineer&l=canada&sort=date&fromage=14&start=0&vjk=p_b31ce1e6da51ecdf
93,4,p_b975563931a16ce4,Junior Water/Wastewater Engineer,Jacobs,"Toronto, ON",https://ca.indeed.com/jobs?q=Junior+Chemical+Engineer&l=canada&sort=date&fromage=14&start=0&vjk=p_b975563931a16ce4
94,4,p_5ac4444ae8d26774,Steam Plant Operator II (Permanent) - One (1) Position,Heartland Generation Ltd.,"Joffre, AB",https://ca.indeed.com/jobs?q=Junior+Chemical+Engineer&l=canada&sort=date&fromage=14&start=0&vjk=p_5ac4444ae8d26774
95,4,p_2be1d73642571db3,Water/Wastewater Engineer,Dillon Consulting Limited,"Kitchener, ON",https://ca.indeed.com/jobs?q=Junior+Chemical+Engineer&l=canada&sort=date&fromage=14&start=0&vjk=p_2be1d73642571db3
96,4,p_feb239d568734987,Operations Technician,NOVA Chemicals Corporation,"Lacombe County, AB",https://ca.indeed.com/jobs?q=Junior+Chemical+Engineer&l=canada&sort=date&fromage=14&start=0&vjk=p_feb239d568734987
97,4,p_50c173dda09569e5,Junior/intermediate Project and Process Engineers,Atlas BA Consulting Engineering,"Calgary, AB",https://ca.indeed.com/jobs?q=Junior+Chemical+Engineer&l=canada&sort=date&fromage=14&start=0&vjk=p_50c173dda09569e5
98,4,p_34a2c582637605d1,Junior Process Engineer (Open),SNC-Lavalin,"Mississauga, ON",https://ca.indeed.com/jobs?q=Junior+Chemical+Engineer&l=canada&sort=date&fromage=14&start=0&vjk=p_34a2c582637605d1
99,4,p_be8987edc11cf5b3,Production Specialist,Nanotech Security,"Thurso, QC",https://ca.indeed.com/jobs?q=Junior+Chemical+Engineer&l=canada&sort=date&fromage=14&start=0&vjk=p_be8987edc11cf5b3
100,4,p_3fd3f65e2782b38c,Junior Process/Mechanical Engineer,SNC-Lavalin,"Mississauga, ON",https://ca.indeed.com/jobs?q=Junior+Chemical+Engineer&l=canada&sort=date&fromage=14&start=10&vjk=p_3fd3f65e2782b38c
101,4,p_e1fc4e641f2d2be6,Assistant Golf Professional,New Castle Hotels,"Saint Andrews, NB",https://ca.indeed.com/jobs?q=Junior+Chemical+Engineer&l=canada&sort=date&fromage=14&start=10&vjk=p_e1fc4e641f2d2be6
102,4,p_3051ed1d9096b0d6,Structural Project Manager,GEI Consultants Inc,"Kitchener, ON",https://ca.indeed.com/jobs?q=Junior+Chemical+Engineer&l=canada&sort=date&fromage=14&start=10&vjk=p_3051ed1d9096b0d6
103,4,p_850f5e5d617f52d6,Senior Geotechnical Engineer (Mississauga),GHD,"Mississauga, ON",https://ca.indeed.com/jobs?q=Junior+Chemical+Engineer&l=canada&sort=date&fromage=14&start=10&vjk=p_850f5e5d617f52d6
104,5,p_ca95a9864bd1f987,Junior Project Engineer,Kanin Energy,"Calgary, AB",https://ca.indeed.com/jobs?q=Junior+Project+Engineer&l=canada&sort=date&fromage=14&start=0&vjk=p_ca95a9864bd1f987
105,5,p_a102b149716a1f6f,Junior Project Management Engineer,Vision Performance Group Inc.,"Burlington, ON",https://ca.indeed.com/jobs?q=Junior+Project+Engineer&l=canada&sort=date&fromage=14&start=0&vjk=p_a102b149716a1f6f
106,5,p_a6e156e2ad3c60e7,Junior Project Engineer,Raymond EMC,"Ottawa, ON",https://ca.indeed.com/jobs?q=Junior+Project+Engineer&l=canada&sort=date&fromage=14&start=0&vjk=p_a6e156e2ad3c60e7
107,5,p_50c173dda09569e5,Junior/intermediate Project and Process Engineers,Atlas BA Consulting Engineering,"Calgary, AB",https://ca.indeed.com/jobs?q=Junior+Project+Engineer&l=canada&sort=date&fromage=14&start=0&vjk=p_50c173dda09569e5
108,5,p_cb14c70f08d04d42,Junior Acoustics & Vibration Specialist/Engineer,Wood Plc,"Oakville, ON",https://ca.indeed.com/jobs?q=Junior+Project+Engineer&l=canada&sort=date&fromage=14&start=0&vjk=p_cb14c70f08d04d42
109,5,p_ca95a9864bd1f987,Junior Project Engineer,Kanin Energy,"Calgary, AB",https://ca.indeed.com/jobs?q=Junior+Project+Engineer&l=canada&sort=date&fromage=14&start=10&vjk=p_ca95a9864bd1f987
110,5,p_a102b149716a1f6f,Junior Project Management Engineer,Vision Performance Group Inc.,"Burlington, ON",https://ca.indeed.com/jobs?q=Junior+Project+Engineer&l=canada&sort=date&fromage=14&start=10&vjk=p_a102b149716a1f6f
111,5,p_a6e156e2ad3c60e7,Junior Project Engineer,Raymond EMC,"Ottawa, ON",https://ca.indeed.com/jobs?q=Junior+Project+Engineer&l=canada&sort=date&fromage=14&start=10&vjk=p_a6e156e2ad3c60e7
112,5,p_50c173dda09569e5,Junior/intermediate Project and Process Engineers,Atlas BA Consulting Engineering,"Calgary, AB",https://ca.indeed.com/jobs?q=Junior+Project+Engineer&l=canada&sort=date&fromage=14&start=10&vjk=p_50c173dda09569e5
113,5,p_cb14c70f08d04d42,Junior Acoustics & Vibration Specialist/Engineer,Wood Plc,"Oakville, ON",https://ca.indeed.com/jobs?q=Junior+Project+Engineer&l=canada&sort=date&fromage=14&start=10&vjk=p_cb14c70f08d04d42
114,6,p_5cfb7c2e111d5042,Manager Data Analytics,Electrical Safety Authority,"Mississauga, ON",https://ca.indeed.com/jobs?q=Junior+R&D+Engineer&l=canada&sort=date&fromage=14&start=0&vjk=p_5cfb7c2e111d5042
115,6,p_92431fd813867b87,Driver (Junior Maintenance Mechanic),Gateway Mechanical Services,"Edmonton, AB",https://ca.indeed.com/jobs?q=Junior+R&D+Engineer&l=canada&sort=date&fromage=14&start=0&vjk=p_92431fd813867b87
116,6,p_9d17463f2cacd65d,Accounting Clerk,Affinity Solutions,"Toronto, ON",https://ca.indeed.com/jobs?q=Junior+R&D+Engineer&l=canada&sort=date&fromage=14&start=0&vjk=p_9d17463f2cacd65d
117,6,p_b279325dc2a78bea,Research Associate III/Senior Research Associate (Data Colle...,Evidera,"Montréal, QC",https://ca.indeed.com/jobs?q=Junior+R&D+Engineer&l=canada&sort=date&fromage=14&start=0&vjk=p_b279325dc2a78bea
118,6,p_eff93bb698831e6e,Senior Data Engineering Specialist,Loblaw Companies Limited,"Brampton, ON",https://ca.indeed.com/jobs?q=Junior+R&D+Engineer&l=canada&sort=date&fromage=14&start=0&vjk=p_eff93bb698831e6e
119,6,p_b0d6ceae863ec1ff,Junior Administrative Assistant,BDO,"Essex, ON",https://ca.indeed.com/jobs?q=Junior+R&D+Engineer&l=canada&sort=date&fromage=14&start=0&vjk=p_b0d6ceae863ec1ff
120,6,p_b00e7e0d2aa26efe,Junior Data Scientist,Global Spatial Technology Solutions Inc.,"Dartmouth, NS",https://ca.indeed.com/jobs?q=Junior+R&D+Engineer&l=canada&sort=date&fromage=14&start=0&vjk=p_b00e7e0d2aa26efe
121,6,p_2d00e0f49a5cc4b0,Junior/Intermediate Community Health/Socio-Economic Speciali...,Stantec,"Sidney, BC",https://ca.indeed.com/jobs?q=Junior+R&D+Engineer&l=canada&sort=date&fromage=14&start=0&vjk=p_2d00e0f49a5cc4b0
122,6,p_2ad71a6022560922,Conseiller Quantitatif Junior-(H/F),Société Générale,"Montréal, QC",https://ca.indeed.com/jobs?q=Junior+R&D+Engineer&l=canada&sort=date&fromage=14&start=0&vjk=p_2ad71a6022560922
123,6,pj_3323b52425580b8f,Senior Data Scientist,Sun Life Financial,"Waterloo, ON",https://ca.indeed.com/jobs?q=Junior+R&D+Engineer&l=canada&sort=date&fromage=14&start=0&vjk=pj_3323b52425580b8f
124,6,p_301f357c0a352de1,Accountant (Junior),CBRE,"Toronto, ON",https://ca.indeed.com/jobs?q=Junior+R&D+Engineer&l=canada&sort=date&fromage=14&start=0&vjk=p_301f357c0a352de1
125,6,p_6c772437630698f7,"Research Scientist, Economic Modelling",University of British Columbia,"University of British Columbia (Vancouver campus), BC",https://ca.indeed.com/jobs?q=Junior+R&D+Engineer&l=canada&sort=date&fromage=14&start=0&vjk=p_6c772437630698f7
126,6,p_38826a975b8f384a,"Senior Analyst, Assortment Optimization",Loblaw Companies Limited,"Brampton, ON",https://ca.indeed.com/jobs?q=Junior+R&D+Engineer&l=canada&sort=date&fromage=14&start=0&vjk=p_38826a975b8f384a
127,6,p_e98d7f51db2746fb,CANSail 5&6 Instructor (Seasonal),The Boulevard Club,"Toronto, ON",https://ca.indeed.com/jobs?q=Junior+R&D+Engineer&l=canada&sort=date&fromage=14&start=0&vjk=p_e98d7f51db2746fb
128,6,p_b65eea78ae1a3bec,"Actuarial Manager, Telematics",Aviva,"Markham, ON",https://ca.indeed.com/jobs?q=Junior+R&D+Engineer&l=canada&sort=date&fromage=14&start=0&vjk=p_b65eea78ae1a3bec
129,6,p_3502404efda09422,Junior Data Scientist,Indigo Park,"Toronto, ON",https://ca.indeed.com/jobs?q=Junior+R&D+Engineer&l=canada&sort=date&fromage=14&start=10&vjk=p_3502404efda09422
130,6,p_824029bf3e26ce0d,Responsable des Ventes (Junior),PME MTL Centre-Est,"Montréal, QC",https://ca.indeed.com/jobs?q=Junior+R&D+Engineer&l=canada&sort=date&fromage=14&start=10&vjk=p_824029bf3e26ce0d
131,6,p_f0edc8667b3d59a6,Associate Accountant,McDermott,"Fort Saskatchewan, AB",https://ca.indeed.com/jobs?q=Junior+R&D+Engineer&l=canada&sort=date&fromage=14&start=10&vjk=p_f0edc8667b3d59a6
132,6,p_50e7d70caced64cf,Entry Level Accounting Coordinator,RN Design Limited,"Vaughan, ON",https://ca.indeed.com/jobs?q=Junior+R&D+Engineer&l=canada&sort=date&fromage=14&start=10&vjk=p_50e7d70caced64cf
133,6,p_c58008ff30217042,Junior Accounts Receivable Cash Specialist - O2E Brands - 12...,O2E Brands,"Vancouver, BC",https://ca.indeed.com/jobs?q=Junior+R&D+Engineer&l=canada&sort=date&fromage=14&start=10&vjk=p_c58008ff30217042
134,6,pj_15b4b8963a8cd18f,Principal Biostatistician,Parexel,Canada,https://ca.indeed.com/jobs?q=Junior+R&D+Engineer&l=canada&sort=date&fromage=14&start=10&vjk=pj_15b4b8963a8cd18f
135,6,p_215114284f7983bc,"GBP - Junior Programmer / Analyst, Client Services & Solutio...",Scotiabank,"Toronto, ON",https://ca.indeed.com/jobs?q=Junior+R&D+Engineer&l=canada&sort=date&fromage=14&start=10&vjk=p_215114284f7983bc
136,6,p_c05608605ae9e1a9,Professionnel(le) en environnement intermédiaire / Chargé(e)...,Golder Associates,"Montréal, QC",https://ca.indeed.com/jobs?q=Junior+R&D+Engineer&l=canada&sort=date&fromage=14&start=10&vjk=p_c05608605ae9e1a9
137,6,p_a1091a52f7ff5973,"Data Scientist, AWS Security- Ottawa/Toronto","AMZN CAN Fulfillment Svcs, ULC","Ottawa, ON",https://ca.indeed.com/jobs?q=Junior+R&D+Engineer&l=canada&sort=date&fromage=14&start=10&vjk=p_a1091a52f7ff5973
138,6,p_ede5047300e5f6b2,"Data Scientist, AWS Security- Toronto/Ottawa","AMZN CAN Fulfillment Svcs, ULC","Toronto, ON",https://ca.indeed.com/jobs?q=Junior+R&D+Engineer&l=canada&sort=date&fromage=14&start=10&vjk=p_ede5047300e5f6b2
139,6,p_5f07487bd671be9d,Instructor Therapist/Behavioural Therapist,Autism Behavioural Services Inc.,"Orangeville, ON",https://ca.indeed.com/jobs?q=Junior+R&D+Engineer&l=canada&sort=date&fromage=14&start=10&vjk=p_5f07487bd671be9d
140,6,p_fcfbee17a8ff5a2b,Research Associate (Limited Term),University of Toronto,"Toronto, ON",https://ca.indeed.com/jobs?q=Junior+R&D+Engineer&l=canada&sort=date&fromage=14&start=10&vjk=p_fcfbee17a8ff5a2b
141,6,pj_ba3819d64d3987f5,Risk Analyst - 299895,Procom,"Toronto, ON",https://ca.indeed.com/jobs?q=Junior+R&D+Engineer&l=canada&sort=date&fromage=14&start=10&vjk=pj_ba3819d64d3987f5
142,6,p_d3e41b314ea637bc,"Senior Data Scientist, AWS Security- Ottawa/Toronto",Amazon Dev Centre Canada ULC,"Ottawa, ON",https://ca.indeed.com/jobs?q=Junior+R&D+Engineer&l=canada&sort=date&fromage=14&start=10&vjk=p_d3e41b314ea637bc
143,6,p_395adc8078afc345,Data Scientist Team Lead,MightyHive,"Toronto, ON",https://ca.indeed.com/jobs?q=Junior+R&D+Engineer&l=canada&sort=date&fromage=14&start=10&vjk=p_395adc8078afc345
144,6,p_8eb804051b7326c1,Junior Data Scientist,roomview Technologies Inc.,"Vancouver, BC",https://ca.indeed.com/jobs?q=Junior+R&D+Engineer&l=canada&sort=date&fromage=14&start=20&vjk=p_8eb804051b7326c1
145,6,p_f480a987c65875d3,Data Analyst Career Coach,Duke Academy,"North York, ON",https://ca.indeed.com/jobs?q=Junior+R&D+Engineer&l=canada&sort=date&fromage=14&start=20&vjk=p_f480a987c65875d3
146,7,pj_5c861f71660bdd90,Jr. Automation Process Engineer,Crystal Claire Cosmetics Inc,"Toronto, ON",https://ca.indeed.com/jobs?q=Junior+Field+Production+Engineer&l=canada&sort=date&fromage=14&start=0&vjk=pj_5c861f71660bdd90
147,7,p_773b2593f2a49bfc,Product Engineer II,Galvion,"Montréal, QC",https://ca.indeed.com/jobs?q=Junior+Field+Production+Engineer&l=canada&sort=date&fromage=14&start=0&vjk=p_773b2593f2a49bfc
148,7,p_c88437c1792de542,Project Manager,State Window Corporation,"Vaughan, ON",https://ca.indeed.com/jobs?q=Junior+Field+Production+Engineer&l=canada&sort=date&fromage=14&start=0&vjk=p_c88437c1792de542
149,7,p_55d89409e2d82ee4,Senior Java Backend Engineer,E Inc.,"Toronto, ON",https://ca.indeed.com/jobs?q=Junior+Field+Production+Engineer&l=canada&sort=date&fromage=14&start=0&vjk=p_55d89409e2d82ee4
150,7,p_f499970e04b041dc,Senior Software Development Engineer - AWS Messaging,Amazon Dev Centre Canada ULC,"Vancouver, BC",https://ca.indeed.com/jobs?q=Junior+Field+Production+Engineer&l=canada&sort=date&fromage=14&start=0&vjk=p_f499970e04b041dc
151,7,p_72e34d8250affeb7,Development Engineer,Array Marketing,"Toronto, ON",https://ca.indeed.com/jobs?q=Junior+Field+Production+Engineer&l=canada&sort=date&fromage=14&start=0&vjk=p_72e34d8250affeb7
152,7,p_04bc5c4e010e0e74,Seasonal Directional Driller,Weatherford,"Nisku, AB",https://ca.indeed.com/jobs?q=Junior+Field+Production+Engineer&l=canada&sort=date&fromage=14&start=0&vjk=p_04bc5c4e010e0e74
153,7,p_025710d68872caf6,Junior Alternative Fuel Product Engineer,Westport Fuel Systems,"Cambridge, ON",https://ca.indeed.com/jobs?q=Junior+Field+Production+Engineer&l=canada&sort=date&fromage=14&start=0&vjk=p_025710d68872caf6
154,7,p_b7368155bc4e33a8,Sr. BIM Technologist,Entuitive,"Toronto, ON",https://ca.indeed.com/jobs?q=Junior+Field+Production+Engineer&l=canada&sort=date&fromage=14&start=0&vjk=p_b7368155bc4e33a8
155,7,p_41af8dc49cf84e4a,Software Engineer - API Gateway,Amazon Dev Centre Canada ULC,"Vancouver, BC",https://ca.indeed.com/jobs?q=Junior+Field+Production+Engineer&l=canada&sort=date&fromage=14&start=0&vjk=p_41af8dc49cf84e4a
156,7,p_c008072721b2c72f,Electrical Engineer (Highway/Street Lighting),IBI Group,"Markham, ON",https://ca.indeed.com/jobs?q=Junior+Field+Production+Engineer&l=canada&sort=date&fromage=14&start=0&vjk=p_c008072721b2c72f
157,7,p_926a102d14bb2f04,"Pipeline Technical Director, Level II",Industrial Light & Magic,"Vancouver, BC",https://ca.indeed.com/jobs?q=Junior+Field+Production+Engineer&l=canada&sort=date&fromage=14&start=0&vjk=p_926a102d14bb2f04
158,7,p_a0f7ee0c706c0eb2,Turnaround Mechanical Planner,WestCorp Solutions,"Vancouver, BC",https://ca.indeed.com/jobs?q=Junior+Field+Production+Engineer&l=canada&sort=date&fromage=14&start=0&vjk=p_a0f7ee0c706c0eb2
159,7,p_6d418ad005a5b464,R&D Engineer-Cardiology,Baylis Medical,"Mississauga, ON",https://ca.indeed.com/jobs?q=Junior+Field+Production+Engineer&l=canada&sort=date&fromage=14&start=0&vjk=p_6d418ad005a5b464
160,7,p_f15e64cbf9c6e721,Intermediate Design Engineer,Entuitive,"Toronto, ON",https://ca.indeed.com/jobs?q=Junior+Field+Production+Engineer&l=canada&sort=date&fromage=14&start=0&vjk=p_f15e64cbf9c6e721
161,7,p_fd8601f917b1363d,Senior Data Engineer (Remote),SSENSE,"Montréal, QC",https://ca.indeed.com/jobs?q=Junior+Field+Production+Engineer&l=canada&sort=date&fromage=14&start=10&vjk=p_fd8601f917b1363d
162,7,p_1bbf896070cb346f,Field Specialist - Completions,Weatherford,"Clairmont, AB",https://ca.indeed.com/jobs?q=Junior+Field+Production+Engineer&l=canada&sort=date&fromage=14&start=10&vjk=p_1bbf896070cb346f
163,7,p_9ceafce891ea94d2,Sr. Tooling Engineer,Martinrea International Inc.,"St. Marys, ON",https://ca.indeed.com/jobs?q=Junior+Field+Production+Engineer&l=canada&sort=date&fromage=14&start=10&vjk=p_9ceafce891ea94d2
164,7,p_2d7881ae67dc1431,Rock Mechanics Engineer,Kirkland Lake Gold,"Kirkland Lake, ON",https://ca.indeed.com/jobs?q=Junior+Field+Production+Engineer&l=canada&sort=date&fromage=14&start=10&vjk=p_2d7881ae67dc1431
165,7,p_4d44f61f48f8ba7a,"Automation Technician, Junior",Linamar Corp,"Guelph, ON",https://ca.indeed.com/jobs?q=Junior+Field+Production+Engineer&l=canada&sort=date&fromage=14&start=10&vjk=p_4d44f61f48f8ba7a
166,7,p_b15158324febedbb,Software Development Engineer,"AMZN CAN Fulfillment Svcs, ULC","Vancouver, BC",https://ca.indeed.com/jobs?q=Junior+Field+Production+Engineer&l=canada&sort=date&fromage=14&start=10&vjk=p_b15158324febedbb
167,7,p_80fadc2cd772fb5f,Intermediate Civil/Mining Engineer,BBA,"Vancouver, BC",https://ca.indeed.com/jobs?q=Junior+Field+Production+Engineer&l=canada&sort=date&fromage=14&start=10&vjk=p_80fadc2cd772fb5f
168,7,p_7028969aa8c8ef01,Software Development Engineer,Amazon Dev Centre Canada ULC,"Vancouver, BC",https://ca.indeed.com/jobs?q=Junior+Field+Production+Engineer&l=canada&sort=date&fromage=14&start=10&vjk=p_7028969aa8c8ef01
169,7,pj_80e2161f64027d78,"Superintendent, Ore Body Knowledge",Rio Tinto,"Yellowknife, NT",https://ca.indeed.com/jobs?q=Junior+Field+Production+Engineer&l=canada&sort=date&fromage=14&start=10&vjk=pj_80e2161f64027d78
170,7,p_a1091a52f7ff5973,"Data Scientist, AWS Security- Ottawa/Toronto","AMZN CAN Fulfillment Svcs, ULC","Ottawa, ON",https://ca.indeed.com/jobs?q=Junior+Field+Production+Engineer&l=canada&sort=date&fromage=14&start=10&vjk=p_a1091a52f7ff5973
171,7,pj_29cf3783a0a1dc83,MOBILE APPLICATION FULL STACK SOFTWARE ENGINEER,Allstate Canada,"Markham, ON",https://ca.indeed.com/jobs?q=Junior+Field+Production+Engineer&l=canada&sort=date&fromage=14&start=10&vjk=pj_29cf3783a0a1dc83
172,7,pj_6ae616c62e5d8357,Sr. Civil-Structural Engineer - Fort St.John (Site C),BC Hydro,"Fort St. John, BC",https://ca.indeed.com/jobs?q=Junior+Field+Production+Engineer&l=canada&sort=date&fromage=14&start=10&vjk=pj_6ae616c62e5d8357
173,7,p_ede5047300e5f6b2,"Data Scientist, AWS Security- Toronto/Ottawa","AMZN CAN Fulfillment Svcs, ULC","Toronto, ON",https://ca.indeed.com/jobs?q=Junior+Field+Production+Engineer&l=canada&sort=date&fromage=14&start=10&vjk=p_ede5047300e5f6b2
174,7,p_b909e4b37ba597af,"Software Architect, Integrations","ParTech, Inc.","Markham, ON",https://ca.indeed.com/jobs?q=Junior+Field+Production+Engineer&l=canada&sort=date&fromage=14&start=10&vjk=p_b909e4b37ba597af
175,7,p_2328b51c620610a2,Front End Engineer,Amazon Dev Centre Canada ULC,"Vancouver, BC",https://ca.indeed.com/jobs?q=Junior+Field+Production+Engineer&l=canada&sort=date&fromage=14&start=10&vjk=p_2328b51c620610a2
176,7,p_ba77759e46296edb,"Software Development Engineer, AWS Security- Toronto/Ottawa","AMZN CAN Fulfillment Svcs, ULC","Toronto, ON",https://ca.indeed.com/jobs?q=Junior+Field+Production+Engineer&l=canada&sort=date&fromage=14&start=20&vjk=p_ba77759e46296edb
177,7,p_d3e41b314ea637bc,"Senior Data Scientist, AWS Security- Ottawa/Toronto",Amazon Dev Centre Canada ULC,"Ottawa, ON",https://ca.indeed.com/jobs?q=Junior+Field+Production+Engineer&l=canada&sort=date&fromage=14&start=20&vjk=p_d3e41b314ea637bc
178,7,p_de1e9aeb566eb73d,"Software Development Engineer, AWS Security- Ottawa/Toronto","AMZN CAN Fulfillment Svcs, ULC","Ottawa, ON",https://ca.indeed.com/jobs?q=Junior+Field+Production+Engineer&l=canada&sort=date&fromage=14&start=20&vjk=p_de1e9aeb566eb73d
179,7,p_db3cda01ddaf3f24,Senior Technical Artist,Electronic Arts,"Vancouver, BC",https://ca.indeed.com/jobs?q=Junior+Field+Production+Engineer&l=canada&sort=date&fromage=14&start=20&vjk=p_db3cda01ddaf3f24
180,7,p_7e100e1751ee5e92,"Senior Software Development Engineer, AWS Security- Toronto/...","AMZN CAN Fulfillment Svcs, ULC","Toronto, ON",https://ca.indeed.com/jobs?q=Junior+Field+Production+Engineer&l=canada&sort=date&fromage=14&start=20&vjk=p_7e100e1751ee5e92
181,7,p_f005a40cd65ad4ca,"Senior Software Development Engineer, AWS Security- Ottawa/T...","AMZN CAN Fulfillment Svcs, ULC","Ottawa, ON",https://ca.indeed.com/jobs?q=Junior+Field+Production+Engineer&l=canada&sort=date&fromage=14&start=20&vjk=p_f005a40cd65ad4ca
182,7,p_80fadc2cd772fb5f,Intermediate Civil/Mining Engineer,BBA,"Vancouver, BC",https://ca.indeed.com/jobs?q=Junior+Field+Production+Engineer&l=canada&sort=date&fromage=14&start=30&vjk=p_80fadc2cd772fb5f
183,7,p_7028969aa8c8ef01,Software Development Engineer,Amazon Dev Centre Canada ULC,"Vancouver, BC",https://ca.indeed.com/jobs?q=Junior+Field+Production+Engineer&l=canada&sort=date&fromage=14&start=30&vjk=p_7028969aa8c8ef01
184,7,pj_80e2161f64027d78,"Superintendent, Ore Body Knowledge",Rio Tinto,"Yellowknife, NT",https://ca.indeed.com/jobs?q=Junior+Field+Production+Engineer&l=canada&sort=date&fromage=14&start=30&vjk=pj_80e2161f64027d78
185,7,p_a1091a52f7ff5973,"Data Scientist, AWS Security- Ottawa/Toronto","AMZN CAN Fulfillment Svcs, ULC","Ottawa, ON",https://ca.indeed.com/jobs?q=Junior+Field+Production+Engineer&l=canada&sort=date&fromage=14&start=30&vjk=p_a1091a52f7ff5973
186,7,pj_29cf3783a0a1dc83,MOBILE APPLICATION FULL STACK SOFTWARE ENGINEER,Allstate Canada,"Markham, ON",https://ca.indeed.com/jobs?q=Junior+Field+Production+Engineer&l=canada&sort=date&fromage=14&start=30&vjk=pj_29cf3783a0a1dc83
187,7,p_ede5047300e5f6b2,"Data Scientist, AWS Security- Toronto/Ottawa","AMZN CAN Fulfillment Svcs, ULC","Toronto, ON",https://ca.indeed.com/jobs?q=Junior+Field+Production+Engineer&l=canada&sort=date&fromage=14&start=30&vjk=p_ede5047300e5f6b2
188,7,p_b909e4b37ba597af,"Software Architect, Integrations","ParTech, Inc.","Markham, ON",https://ca.indeed.com/jobs?q=Junior+Field+Production+Engineer&l=canada&sort=date&fromage=14&start=30&vjk=p_b909e4b37ba597af
189,7,p_2328b51c620610a2,Front End Engineer,Amazon Dev Centre Canada ULC,"Vancouver, BC",https://ca.indeed.com/jobs?q=Junior+Field+Production+Engineer&l=canada&sort=date&fromage=14&start=30&vjk=p_2328b51c620610a2
190,7,pj_6ae616c62e5d8357,Sr. Civil-Structural Engineer - Fort St.John (Site C),BC Hydro,"Fort St. John, BC",https://ca.indeed.com/jobs?q=Junior+Field+Production+Engineer&l=canada&sort=date&fromage=14&start=30&vjk=pj_6ae616c62e5d8357
191,7,p_ba77759e46296edb,"Software Development Engineer, AWS Security- Toronto/Ottawa","AMZN CAN Fulfillment Svcs, ULC","Toronto, ON",https://ca.indeed.com/jobs?q=Junior+Field+Production+Engineer&l=canada&sort=date&fromage=14&start=30&vjk=p_ba77759e46296edb
192,7,p_d3e41b314ea637bc,"Senior Data Scientist, AWS Security- Ottawa/Toronto",Amazon Dev Centre Canada ULC,"Ottawa, ON",https://ca.indeed.com/jobs?q=Junior+Field+Production+Engineer&l=canada&sort=date&fromage=14&start=30&vjk=p_d3e41b314ea637bc
193,7,p_de1e9aeb566eb73d,"Software Development Engineer, AWS Security- Ottawa/Toronto","AMZN CAN Fulfillment Svcs, ULC","Ottawa, ON",https://ca.indeed.com/jobs?q=Junior+Field+Production+Engineer&l=canada&sort=date&fromage=14&start=30&vjk=p_de1e9aeb566eb73d
194,7,p_db3cda01ddaf3f24,Senior Technical Artist,Electronic Arts,"Vancouver, BC",https://ca.indeed.com/jobs?q=Junior+Field+Production+Engineer&l=canada&sort=date&fromage=14&start=30&vjk=p_db3cda01ddaf3f24
195,7,p_7e100e1751ee5e92,"Senior Software Development Engineer, AWS Security- Toronto/...","AMZN CAN Fulfillment Svcs, ULC","Toronto, ON",https://ca.indeed.com/jobs?q=Junior+Field+Production+Engineer&l=canada&sort=date&fromage=14&start=30&vjk=p_7e100e1751ee5e92
196,7,p_f005a40cd65ad4ca,"Senior Software Development Engineer, AWS Security- Ottawa/T...","AMZN CAN Fulfillment Svcs, ULC","Ottawa, ON",https://ca.indeed.com/jobs?q=Junior+Field+Production+Engineer&l=canada&sort=date&fromage=14&start=30&vjk=p_f005a40cd65ad4ca
197,8,p_c59fa4a33fd686c0,Logistics Engineering Analyst,L3Harris,Canada,https://ca.indeed.com/jobs?q=Junior+Reliability+Engineer&l=canada&sort=date&fromage=14&start=0&vjk=p_c59fa4a33fd686c0
198,8,p_89cab0f4f98bdf24,Principal Site Reliability Engineer,QUESTRADE INC,"Toronto, ON",https://ca.indeed.com/jobs?q=Junior+Reliability+Engineer&l=canada&sort=date&fromage=14&start=0&vjk=p_89cab0f4f98bdf24
199,8,p_bbdce5d77f6a3f8c,Software Dev Engineer II,Amazon Dev Centre Canada ULC,"Vancouver, BC",https://ca.indeed.com/jobs?q=Junior+Reliability+Engineer&l=canada&sort=date&fromage=14&start=0&vjk=p_bbdce5d77f6a3f8c
200,8,p_538ba033cf19ed55,Software Development Engineer - AWS RDS,"AMZN CAN Fulfillment Svcs, ULC","Vancouver, BC",https://ca.indeed.com/jobs?q=Junior+Reliability+Engineer&l=canada&sort=date&fromage=14&start=0&vjk=p_538ba033cf19ed55
201,8,p_02fb8b338eef8d9f,Software Development Engineer - Amazon RDS,"AMZN CAN Fulfillment Svcs, ULC","Vancouver, BC",https://ca.indeed.com/jobs?q=Junior+Reliability+Engineer&l=canada&sort=date&fromage=14&start=0&vjk=p_02fb8b338eef8d9f
202,8,p_5dd6f062b3ca7724,Senior Software Engineer,Microsoft,"Vancouver, BC",https://ca.indeed.com/jobs?q=Junior+Reliability+Engineer&l=canada&sort=date&fromage=14&start=0&vjk=p_5dd6f062b3ca7724
203,8,pj_95d1ab114167e09f,Junior to Intermediate Systems Engineer -Ottawa or Vancouver,MDA,"Ottawa, ON",https://ca.indeed.com/jobs?q=Junior+Reliability+Engineer&l=canada&sort=date&fromage=14&start=0&vjk=pj_95d1ab114167e09f
204,8,p_773b2593f2a49bfc,Product Engineer II,Galvion,"Montréal, QC",https://ca.indeed.com/jobs?q=Junior+Reliability+Engineer&l=canada&sort=date&fromage=14&start=0&vjk=p_773b2593f2a49bfc
205,8,p_05a20d3143448c81,Junior Software Engineer,Telesat,"Ottawa, ON",https://ca.indeed.com/jobs?q=Junior+Reliability+Engineer&l=canada&sort=date&fromage=14&start=0&vjk=p_05a20d3143448c81
206,8,p_998cb1dedd25a1c8,Senior Data Engineering Specialist,Loblaw Companies Limited,"Brampton, ON",https://ca.indeed.com/jobs?q=Junior+Reliability+Engineer&l=canada&sort=date&fromage=14&start=0&vjk=p_998cb1dedd25a1c8
207,8,p_66f15b9cda674fb9,System Safety Specialist/Engineer,L3Harris Technologies,"Burlington, ON",https://ca.indeed.com/jobs?q=Junior+Reliability+Engineer&l=canada&sort=date&fromage=14&start=0&vjk=p_66f15b9cda674fb9
208,8,p_861fe66b030a6aef,Software Development Engineer,Amazon Dev Centre Canada ULC,"Vancouver, BC",https://ca.indeed.com/jobs?q=Junior+Reliability+Engineer&l=canada&sort=date&fromage=14&start=0&vjk=p_861fe66b030a6aef
209,8,p_955d5f9d91f0f4fe,"Software Engineer, EC2 Networking","Amazon Web Services Canada, In","Vancouver, BC",https://ca.indeed.com/jobs?q=Junior+Reliability+Engineer&l=canada&sort=date&fromage=14&start=0&vjk=p_955d5f9d91f0f4fe
210,8,p_f499970e04b041dc,Senior Software Development Engineer - AWS Messaging,Amazon Dev Centre Canada ULC,"Vancouver, BC",https://ca.indeed.com/jobs?q=Junior+Reliability+Engineer&l=canada&sort=date&fromage=14&start=0&vjk=p_f499970e04b041dc
211,8,p_11f73a57a70dca14,Software Development Engineer - AWS Identity Service Quotas,Amazon Dev Centre Canada ULC,"Toronto, ON",https://ca.indeed.com/jobs?q=Junior+Reliability+Engineer&l=canada&sort=date&fromage=14&start=0&vjk=p_11f73a57a70dca14
212,8,p_2be1d73642571db3,Water/Wastewater Engineer,Dillon Consulting Limited,"Kitchener, ON",https://ca.indeed.com/jobs?q=Junior+Reliability+Engineer&l=canada&sort=date&fromage=14&start=10&vjk=p_2be1d73642571db3
213,8,p_e07cbb583af520b9,Senior Test Engineer,Ballard Power Systems Inc.,"Burnaby, BC",https://ca.indeed.com/jobs?q=Junior+Reliability+Engineer&l=canada&sort=date&fromage=14&start=10&vjk=p_e07cbb583af520b9
214,8,p_5a54fcb3671dd7ec,Développeur Full Stack / Full Stack Developer,Altitude Sports,"Montréal, QC",https://ca.indeed.com/jobs?q=Junior+Reliability+Engineer&l=canada&sort=date&fromage=14&start=10&vjk=p_5a54fcb3671dd7ec
215,8,p_fd8601f917b1363d,Senior Data Engineer (Remote),SSENSE,"Montréal, QC",https://ca.indeed.com/jobs?q=Junior+Reliability+Engineer&l=canada&sort=date&fromage=14&start=10&vjk=p_fd8601f917b1363d
216,8,p_6386f4418f561175,Junior Traffic Engineer (EIT),McElhanney Ltd.,"Surrey, BC",https://ca.indeed.com/jobs?q=Junior+Reliability+Engineer&l=canada&sort=date&fromage=14&start=10&vjk=p_6386f4418f561175
217,8,p_f094524e402369ff,Reliability Engineer,IMP Group,"Halifax, NS",https://ca.indeed.com/jobs?q=Junior+Reliability+Engineer&l=canada&sort=date&fromage=14&start=10&vjk=p_f094524e402369ff
218,8,p_590e5cfd7bf612b0,Cloud Engineer,PointClickCare,"Mississauga, ON",https://ca.indeed.com/jobs?q=Junior+Reliability+Engineer&l=canada&sort=date&fromage=14&start=10&vjk=p_590e5cfd7bf612b0
219,8,p_c256de1567f2edb0,Mechanical Technologist,Dillon Consulting Limited,"Sydney, NS",https://ca.indeed.com/jobs?q=Junior+Reliability+Engineer&l=canada&sort=date&fromage=14&start=10&vjk=p_c256de1567f2edb0
220,8,p_b9e2417a694bd88f,"Junior Asset Optimization Consultant, Bilingual - (Montreal)",Ausenco,"Montréal, QC",https://ca.indeed.com/jobs?q=Junior+Reliability+Engineer&l=canada&sort=date&fromage=14&start=10&vjk=p_b9e2417a694bd88f
221,8,p_30fe06d79a4ed544,"Mechanical Engineer, P.Eng",Dillon Consulting Limited,"Sydney, NS",https://ca.indeed.com/jobs?q=Junior+Reliability+Engineer&l=canada&sort=date&fromage=14&start=10&vjk=p_30fe06d79a4ed544
222,8,p_9b17e0d36ca80349,Civil Engineer,Dillon Consulting Limited,"Kitchener, ON",https://ca.indeed.com/jobs?q=Junior+Reliability+Engineer&l=canada&sort=date&fromage=14&start=10&vjk=p_9b17e0d36ca80349
223,8,p_466749e22a89da44,Drainage Engineer,Dillon Consulting Limited,"Windsor, ON",https://ca.indeed.com/jobs?q=Junior+Reliability+Engineer&l=canada&sort=date&fromage=14&start=10&vjk=p_466749e22a89da44
224,8,p_dc22a48a1a1fe3af,Principal Mechanical Engineer,"Ultra Maritime, Maritime Systems","Halifax, NS",https://ca.indeed.com/jobs?q=Junior+Reliability+Engineer&l=canada&sort=date&fromage=14&start=10&vjk=p_dc22a48a1a1fe3af
225,8,p_ec81d1ece1de39bf,Water Resources Engineer,Dillon Consulting Limited,"Calgary, AB",https://ca.indeed.com/jobs?q=Junior+Reliability+Engineer&l=canada&sort=date&fromage=14&start=10&vjk=p_ec81d1ece1de39bf
226,8,p_4fe2a3050fc6194d,Instrumentation Technician,Carbon Engineering Ltd.,"Squamish, BC",https://ca.indeed.com/jobs?q=Junior+Reliability+Engineer&l=canada&sort=date&fromage=14&start=10&vjk=p_4fe2a3050fc6194d
227,8,p_07ad4779a917fa74,Lead Software Engineer,Infoblox,"Burnaby, BC",https://ca.indeed.com/jobs?q=Junior+Reliability+Engineer&l=canada&sort=date&fromage=14&start=20&vjk=p_07ad4779a917fa74
228,8,p_8ee597ec2052bba8,Sr. Software Developer,opentext,"Waterloo, ON",https://ca.indeed.com/jobs?q=Junior+Reliability+Engineer&l=canada&sort=date&fromage=14&start=20&vjk=p_8ee597ec2052bba8
229,8,p_f5a57c0dd39f1a1e,Lead Software Developer,opentext,"Richmond Hill, ON",https://ca.indeed.com/jobs?q=Junior+Reliability+Engineer&l=canada&sort=date&fromage=14&start=20&vjk=p_f5a57c0dd39f1a1e
230,8,p_f96c3f6ff3facd01,Jr. Nuage/Cloud 2LS CS Engineer,ION IP Optical Networks,"Ottawa, ON",https://ca.indeed.com/jobs?q=Junior+Reliability+Engineer&l=canada&sort=date&fromage=14&start=20&vjk=p_f96c3f6ff3facd01
231,8,p_f0f2010c9b17a8ce,Junior Mechanical Designer,Enersolv Design + Build,"Burnaby, BC",https://ca.indeed.com/jobs?q=Junior+Reliability+Engineer&l=canada&sort=date&fromage=14&start=20&vjk=p_f0f2010c9b17a8ce
232,8,p_f5a57c0dd39f1a1e,Lead Software Developer,opentext,"Richmond Hill, ON",https://ca.indeed.com/jobs?q=Junior+Reliability+Engineer&l=canada&sort=date&fromage=14&start=30&vjk=p_f5a57c0dd39f1a1e
233,8,p_32938f5d6c2d18c7,"Software Development Engineer II, RDS","AMZN CAN Fulfillment Svcs, ULC","Vancouver, BC",https://ca.indeed.com/jobs?q=Junior+Reliability+Engineer&l=canada&sort=date&fromage=14&start=30&vjk=p_32938f5d6c2d18c7
234,8,p_7e100e1751ee5e92,"Senior Software Development Engineer, AWS Security- Toronto/...","AMZN CAN Fulfillment Svcs, ULC","Toronto, ON",https://ca.indeed.com/jobs?q=Junior+Reliability+Engineer&l=canada&sort=date&fromage=14&start=30&vjk=p_7e100e1751ee5e92
235,8,p_f005a40cd65ad4ca,"Senior Software Development Engineer, AWS Security- Ottawa/T...","AMZN CAN Fulfillment Svcs, ULC","Ottawa, ON",https://ca.indeed.com/jobs?q=Junior+Reliability+Engineer&l=canada&sort=date&fromage=14&start=30&vjk=p_f005a40cd65ad4ca
236,8,p_f0f2010c9b17a8ce,Junior Mechanical Designer,Enersolv Design + Build,"Burnaby, BC",https://ca.indeed.com/jobs?q=Junior+Reliability+Engineer&l=canada&sort=date&fromage=14&start=30&vjk=p_f0f2010c9b17a8ce
237,8,p_f96c3f6ff3facd01,Jr. Nuage/Cloud 2LS CS Engineer,ION IP Optical Networks,"Ottawa, ON",https://ca.indeed.com/jobs?q=Junior+Reliability+Engineer&l=canada&sort=date&fromage=14&start=30&vjk=p_f96c3f6ff3facd01
238,8,p_466749e22a89da44,Drainage Engineer,Dillon Consulting Limited,"Windsor, ON",https://ca.indeed.com/jobs?q=Junior+Reliability+Engineer&l=canada&sort=date&fromage=14&start=40&vjk=p_466749e22a89da44
239,8,p_165fa9b9e261f242,Software Development Engineer - Advertising Tech,Amazon Advertising Canada Inc.,"Toronto, ON",https://ca.indeed.com/jobs?q=Junior+Reliability+Engineer&l=canada&sort=date&fromage=14&start=40&vjk=p_165fa9b9e261f242
240,8,p_dc22a48a1a1fe3af,Principal Mechanical Engineer,"Ultra Maritime, Maritime Systems","Halifax, NS",https://ca.indeed.com/jobs?q=Junior+Reliability+Engineer&l=canada&sort=date&fromage=14&start=40&vjk=p_dc22a48a1a1fe3af
241,8,p_4fe2a3050fc6194d,Instrumentation Technician,Carbon Engineering Ltd.,"Squamish, BC",https://ca.indeed.com/jobs?q=Junior+Reliability+Engineer&l=canada&sort=date&fromage=14&start=40&vjk=p_4fe2a3050fc6194d
242,8,p_78c8410f2081f993,"Software Development Engineer II, Amazon Business Payments","AMZN CAN Fulfillment Svcs, ULC","Vancouver, BC",https://ca.indeed.com/jobs?q=Junior+Reliability+Engineer&l=canada&sort=date&fromage=14&start=40&vjk=p_78c8410f2081f993
243,8,p_ec81d1ece1de39bf,Water Resources Engineer,Dillon Consulting Limited,"Calgary, AB",https://ca.indeed.com/jobs?q=Junior+Reliability+Engineer&l=canada&sort=date&fromage=14&start=40&vjk=p_ec81d1ece1de39bf
244,8,p_07ad4779a917fa74,Lead Software Engineer,Infoblox,"Burnaby, BC",https://ca.indeed.com/jobs?q=Junior+Reliability+Engineer&l=canada&sort=date&fromage=14&start=40&vjk=p_07ad4779a917fa74
245,8,p_3968e7316a63eb45,Software Development Engineer – In-Memory Distributed System...,Amazon Dev Centre Canada ULC,"Vancouver, BC",https://ca.indeed.com/jobs?q=Junior+Reliability+Engineer&l=canada&sort=date&fromage=14&start=40&vjk=p_3968e7316a63eb45
246,8,p_8ee597ec2052bba8,Sr. Software Developer,opentext,"Waterloo, ON",https://ca.indeed.com/jobs?q=Junior+Reliability+Engineer&l=canada&sort=date&fromage=14&start=40&vjk=p_8ee597ec2052bba8
247,8,p_f5a57c0dd39f1a1e,Lead Software Developer,opentext,"Richmond Hill, ON",https://ca.indeed.com/jobs?q=Junior+Reliability+Engineer&l=canada&sort=date&fromage=14&start=40&vjk=p_f5a57c0dd39f1a1e
248,8,p_32938f5d6c2d18c7,"Software Development Engineer II, RDS","AMZN CAN Fulfillment Svcs, ULC","Vancouver, BC",https://ca.indeed.com/jobs?q=Junior+Reliability+Engineer&l=canada&sort=date&fromage=14&start=40&vjk=p_32938f5d6c2d18c7
249,8,p_7e100e1751ee5e92,"Senior Software Development Engineer, AWS Security- Toronto/...","AMZN CAN Fulfillment Svcs, ULC","Toronto, ON",https://ca.indeed.com/jobs?q=Junior+Reliability+Engineer&l=canada&sort=date&fromage=14&start=40&vjk=p_7e100e1751ee5e92
250,8,p_f005a40cd65ad4ca,"Senior Software Development Engineer, AWS Security- Ottawa/T...","AMZN CAN Fulfillment Svcs, ULC","Ottawa, ON",https://ca.indeed.com/jobs?q=Junior+Reliability+Engineer&l=canada&sort=date&fromage=14&start=40&vjk=p_f005a40cd65ad4ca
251,8,p_f0f2010c9b17a8ce,Junior Mechanical Designer,Enersolv Design + Build,"Burnaby, BC",https://ca.indeed.com/jobs?q=Junior+Reliability+Engineer&l=canada&sort=date&fromage=14&start=40&vjk=p_f0f2010c9b17a8ce
252,8,p_f96c3f6ff3facd01,Jr. Nuage/Cloud 2LS CS Engineer,ION IP Optical Networks,"Ottawa, ON",https://ca.indeed.com/jobs?q=Junior+Reliability+Engineer&l=canada&sort=date&fromage=14&start=40&vjk=p_f96c3f6ff3facd01
253,8,p_466749e22a89da44,Drainage Engineer,Dillon Consulting Limited,"Windsor, ON",https://ca.indeed.com/jobs?q=Junior+Reliability+Engineer&l=canada&sort=date&fromage=14&start=50&vjk=p_466749e22a89da44
254,8,p_165fa9b9e261f242,Software Development Engineer - Advertising Tech,Amazon Advertising Canada Inc.,"Toronto, ON",https://ca.indeed.com/jobs?q=Junior+Reliability+Engineer&l=canada&sort=date&fromage=14&start=50&vjk=p_165fa9b9e261f242
255,8,p_dc22a48a1a1fe3af,Principal Mechanical Engineer,"Ultra Maritime, Maritime Systems","Halifax, NS",https://ca.indeed.com/jobs?q=Junior+Reliability+Engineer&l=canada&sort=date&fromage=14&start=50&vjk=p_dc22a48a1a1fe3af
256,8,p_78c8410f2081f993,"Software Development Engineer II, Amazon Business Payments","AMZN CAN Fulfillment Svcs, ULC","Vancouver, BC",https://ca.indeed.com/jobs?q=Junior+Reliability+Engineer&l=canada&sort=date&fromage=14&start=50&vjk=p_78c8410f2081f993
257,8,p_ec81d1ece1de39bf,Water Resources Engineer,Dillon Consulting Limited,"Calgary, AB",https://ca.indeed.com/jobs?q=Junior+Reliability+Engineer&l=canada&sort=date&fromage=14&start=50&vjk=p_ec81d1ece1de39bf
258,8,p_4fe2a3050fc6194d,Instrumentation Technician,Carbon Engineering Ltd.,"Squamish, BC",https://ca.indeed.com/jobs?q=Junior+Reliability+Engineer&l=canada&sort=date&fromage=14&start=50&vjk=p_4fe2a3050fc6194d
259,8,p_07ad4779a917fa74,Lead Software Engineer,Infoblox,"Burnaby, BC",https://ca.indeed.com/jobs?q=Junior+Reliability+Engineer&l=canada&sort=date&fromage=14&start=50&vjk=p_07ad4779a917fa74
260,8,p_3968e7316a63eb45,Software Development Engineer – In-Memory Distributed System...,Amazon Dev Centre Canada ULC,"Vancouver, BC",https://ca.indeed.com/jobs?q=Junior+Reliability+Engineer&l=canada&sort=date&fromage=14&start=50&vjk=p_3968e7316a63eb45
261,8,p_8ee597ec2052bba8,Sr. Software Developer,opentext,"Waterloo, ON",https://ca.indeed.com/jobs?q=Junior+Reliability+Engineer&l=canada&sort=date&fromage=14&start=50&vjk=p_8ee597ec2052bba8
262,8,p_f5a57c0dd39f1a1e,Lead Software Developer,opentext,"Richmond Hill, ON",https://ca.indeed.com/jobs?q=Junior+Reliability+Engineer&l=canada&sort=date&fromage=14&start=50&vjk=p_f5a57c0dd39f1a1e
263,8,p_32938f5d6c2d18c7,"Software Development Engineer II, RDS","AMZN CAN Fulfillment Svcs, ULC","Vancouver, BC",https://ca.indeed.com/jobs?q=Junior+Reliability+Engineer&l=canada&sort=date&fromage=14&start=50&vjk=p_32938f5d6c2d18c7
264,8,p_7e100e1751ee5e92,"Senior Software Development Engineer, AWS Security- Toronto/...","AMZN CAN Fulfillment Svcs, ULC","Toronto, ON",https://ca.indeed.com/jobs?q=Junior+Reliability+Engineer&l=canada&sort=date&fromage=14&start=50&vjk=p_7e100e1751ee5e92
265,8,p_f005a40cd65ad4ca,"Senior Software Development Engineer, AWS Security- Ottawa/T...","AMZN CAN Fulfillment Svcs, ULC","Ottawa, ON",https://ca.indeed.com/jobs?q=Junior+Reliability+Engineer&l=canada&sort=date&fromage=14&start=50&vjk=p_f005a40cd65ad4ca
266,8,p_f96c3f6ff3facd01,Jr. Nuage/Cloud 2LS CS Engineer,ION IP Optical Networks,"Ottawa, ON",https://ca.indeed.com/jobs?q=Junior+Reliability+Engineer&l=canada&sort=date&fromage=14&start=50&vjk=p_f96c3f6ff3facd01
267,8,p_f0f2010c9b17a8ce,Junior Mechanical Designer,Enersolv Design + Build,"Burnaby, BC",https://ca.indeed.com/jobs?q=Junior+Reliability+Engineer&l=canada&sort=date&fromage=14&start=50&vjk=p_f0f2010c9b17a8ce
268,10,p_d789b7a75c04f1a8,Junior Java Developer,Amiga Informatics,"Toronto, ON",https://ca.indeed.com/jobs?q=Junior+Data+Engineer&l=canada&sort=date&fromage=14&start=0&vjk=p_d789b7a75c04f1a8
269,10,pj_4681fa3de3d93cf0,Diesel Technician,Preteckt,"Montréal, QC",https://ca.indeed.com/jobs?q=Junior+Data+Engineer&l=canada&sort=date&fromage=14&start=0&vjk=pj_4681fa3de3d93cf0
270,10,p_776962f590f68019,Junior UX Designer,Achievers,"Toronto, ON",https://ca.indeed.com/jobs?q=Junior+Data+Engineer&l=canada&sort=date&fromage=14&start=0&vjk=p_776962f590f68019
271,10,p_b50207dc58d7e53c,Mechanical Engineer,Hatch,"Greater Sudbury, ON",https://ca.indeed.com/jobs?q=Junior+Data+Engineer&l=canada&sort=date&fromage=14&start=0&vjk=p_b50207dc58d7e53c
272,10,p_c59fa4a33fd686c0,Logistics Engineering Analyst,L3Harris,Canada,https://ca.indeed.com/jobs?q=Junior+Data+Engineer&l=canada&sort=date&fromage=14&start=0&vjk=p_c59fa4a33fd686c0
273,10,p_12a65984332f5c11,Junior Software Developer,World Education Services,"Toronto, ON",https://ca.indeed.com/jobs?q=Junior+Data+Engineer&l=canada&sort=date&fromage=14&start=0&vjk=p_12a65984332f5c11
274,10,p_374ee8d84860275f,Design Verification Engineer,"Advanced Micro Devices, Inc.","Markham, ON",https://ca.indeed.com/jobs?q=Junior+Data+Engineer&l=canada&sort=date&fromage=14&start=0&vjk=p_374ee8d84860275f
275,10,p_89cab0f4f98bdf24,Principal Site Reliability Engineer,QUESTRADE INC,"Toronto, ON",https://ca.indeed.com/jobs?q=Junior+Data+Engineer&l=canada&sort=date&fromage=14&start=0&vjk=p_89cab0f4f98bdf24
276,10,p_024e8b1e20628ec5,Senior Engineers - Infrastructure and Water & Sewer Engineer...,City of Regina,"Regina, SK",https://ca.indeed.com/jobs?q=Junior+Data+Engineer&l=canada&sort=date&fromage=14&start=0&vjk=p_024e8b1e20628ec5
277,10,p_533c9e00b69a3355,Business Analyst II​,BCCNM,"Vancouver, BC",https://ca.indeed.com/jobs?q=Junior+Data+Engineer&l=canada&sort=date&fromage=14&start=0&vjk=p_533c9e00b69a3355
278,10,p_bbdce5d77f6a3f8c,Software Dev Engineer II,Amazon Dev Centre Canada ULC,"Vancouver, BC",https://ca.indeed.com/jobs?q=Junior+Data+Engineer&l=canada&sort=date&fromage=14&start=0&vjk=p_bbdce5d77f6a3f8c
279,10,p_538ba033cf19ed55,Software Development Engineer - AWS RDS,"AMZN CAN Fulfillment Svcs, ULC","Vancouver, BC",https://ca.indeed.com/jobs?q=Junior+Data+Engineer&l=canada&sort=date&fromage=14&start=0&vjk=p_538ba033cf19ed55
280,10,p_5dd6f062b3ca7724,Senior Software Engineer,Microsoft,"Vancouver, BC",https://ca.indeed.com/jobs?q=Junior+Data+Engineer&l=canada&sort=date&fromage=14&start=0&vjk=p_5dd6f062b3ca7724
281,10,pj_95d1ab114167e09f,Junior to Intermediate Systems Engineer -Ottawa or Vancouver,MDA,"Ottawa, ON",https://ca.indeed.com/jobs?q=Junior+Data+Engineer&l=canada&sort=date&fromage=14&start=0&vjk=pj_95d1ab114167e09f
282,10,pj_5c861f71660bdd90,Jr. Automation Process Engineer,Crystal Claire Cosmetics Inc,"Toronto, ON",https://ca.indeed.com/jobs?q=Junior+Data+Engineer&l=canada&sort=date&fromage=14&start=0&vjk=pj_5c861f71660bdd90
283,10,p_2489ef865e8b7bc0,Junior Mechanical Engineer,Tramac Solutions,"Vaudreuil-Dorion, QC",https://ca.indeed.com/jobs?q=Junior+Data+Engineer&l=canada&sort=date&fromage=14&start=10&vjk=p_2489ef865e8b7bc0
284,10,p_773b2593f2a49bfc,Product Engineer II,Galvion,"Montréal, QC",https://ca.indeed.com/jobs?q=Junior+Data+Engineer&l=canada&sort=date&fromage=14&start=10&vjk=p_773b2593f2a49bfc
285,10,p_27c8e634cd7326b0,Junior Lead Generator,Allied Technical Sales,"Greater Toronto Area, ON",https://ca.indeed.com/jobs?q=Junior+Data+Engineer&l=canada&sort=date&fromage=14&start=10&vjk=p_27c8e634cd7326b0
286,10,p_05a20d3143448c81,Junior Software Engineer,Telesat,"Ottawa, ON",https://ca.indeed.com/jobs?q=Junior+Data+Engineer&l=canada&sort=date&fromage=14&start=10&vjk=p_05a20d3143448c81
287,10,p_998cb1dedd25a1c8,Senior Data Engineering Specialist,Loblaw Companies Limited,"Brampton, ON",https://ca.indeed.com/jobs?q=Junior+Data+Engineer&l=canada&sort=date&fromage=14&start=10&vjk=p_998cb1dedd25a1c8
288,10,p_f83316d9f3a1a1f0,Manager of Project Controls - Ontario,GHD,"Toronto, ON",https://ca.indeed.com/jobs?q=Junior+Data+Engineer&l=canada&sort=date&fromage=14&start=10&vjk=p_f83316d9f3a1a1f0
289,10,p_4a061127dc855970,Senior Marketing Automation Specialist (Marketo) Needed,Marketing Automation Canada,"Montréal, QC",https://ca.indeed.com/jobs?q=Junior+Data+Engineer&l=canada&sort=date&fromage=14&start=10&vjk=p_4a061127dc855970
290,10,p_13998b8a6206c00c,Senior Software Developer,ScalePad,"Montréal, QC",https://ca.indeed.com/jobs?q=Junior+Data+Engineer&l=canada&sort=date&fromage=14&start=10&vjk=p_13998b8a6206c00c
291,10,p_9fbcf8476e5f7669,Structural Design Technologist,McElhanney Ltd.,"Kamloops, BC",https://ca.indeed.com/jobs?q=Junior+Data+Engineer&l=canada&sort=date&fromage=14&start=10&vjk=p_9fbcf8476e5f7669
292,10,p_1223219578354b62,Software Architect/Development Architect,Informatica,"Toronto, ON",https://ca.indeed.com/jobs?q=Junior+Data+Engineer&l=canada&sort=date&fromage=14&start=10&vjk=p_1223219578354b62
293,10,p_836cb8c557b3ebbf,Senior Frontend Developer,ScalePad,"Montréal, QC",https://ca.indeed.com/jobs?q=Junior+Data+Engineer&l=canada&sort=date&fromage=14&start=10&vjk=p_836cb8c557b3ebbf
294,10,p_b66c31a21bb86b95,Project Controls Manager - Ontario,GHD,"Toronto, ON",https://ca.indeed.com/jobs?q=Junior+Data+Engineer&l=canada&sort=date&fromage=14&start=10&vjk=p_b66c31a21bb86b95
295,10,p_fa84543578333825,Senior Back-End Developer,AdGear,"Montréal, QC",https://ca.indeed.com/jobs?q=Junior+Data+Engineer&l=canada&sort=date&fromage=14&start=10&vjk=p_fa84543578333825
296,10,p_7a433682fd0df720,Senior Geotechnical Engineer,Tetra Tech,"Vancouver, BC",https://ca.indeed.com/jobs?q=Junior+Data+Engineer&l=canada&sort=date&fromage=14&start=10&vjk=p_7a433682fd0df720
297,10,p_bb32230b8141d238,Junior Process Engineer,Enerkem Inc.,"Montréal, QC",https://ca.indeed.com/jobs?q=Junior+Data+Engineer&l=canada&sort=date&fromage=14&start=10&vjk=p_bb32230b8141d238
298,10,p_bb32230b8141d238,Junior Process Engineer,Enerkem Inc.,"Montréal, QC",https://ca.indeed.com/jobs?q=Junior+Data+Engineer&l=canada&sort=date&fromage=14&start=20&vjk=p_bb32230b8141d238
299,10,p_d2fc3673cbc8e075,Software Engineer in Test,Trulioo,"Vancouver, BC",https://ca.indeed.com/jobs?q=Junior+Data+Engineer&l=canada&sort=date&fromage=14&start=20&vjk=p_d2fc3673cbc8e075
300,10,p_955d5f9d91f0f4fe,"Software Engineer, EC2 Networking","Amazon Web Services Canada, In","Vancouver, BC",https://ca.indeed.com/jobs?q=Junior+Data+Engineer&l=canada&sort=date&fromage=14&start=20&vjk=p_955d5f9d91f0f4fe
301,10,pj_be9fa0e1cebd79c9,Junior Java/ Big Data (Hadoop Ecosystem) Developer - 300484,Procom,"Toronto, ON",https://ca.indeed.com/jobs?q=Junior+Data+Engineer&l=canada&sort=date&fromage=14&start=20&vjk=pj_be9fa0e1cebd79c9
302,10,p_ca95a9864bd1f987,Junior Project Engineer,Kanin Energy,"Calgary, AB",https://ca.indeed.com/jobs?q=Junior+Data+Engineer&l=canada&sort=date&fromage=14&start=20&vjk=p_ca95a9864bd1f987
303,10,pj_9175b40b81b7cf44,Turnaround Mechanical Planner - FIFO,WestCorp,Alberta,https://ca.indeed.com/jobs?q=Junior+Data+Engineer&l=canada&sort=date&fromage=14&start=20&vjk=pj_9175b40b81b7cf44
304,10,p_72e34d8250affeb7,Development Engineer,Array Marketing,"Toronto, ON",https://ca.indeed.com/jobs?q=Junior+Data+Engineer&l=canada&sort=date&fromage=14&start=20&vjk=p_72e34d8250affeb7
305,10,p_d00416e0f778e785,"Staff Back End Engineer, Data Platform",Illumio,Ontario,https://ca.indeed.com/jobs?q=Junior+Data+Engineer&l=canada&sort=date&fromage=14&start=20&vjk=p_d00416e0f778e785
306,10,p_c50e64ee55c77529,FULLSTACK DEVELOPPER & DATA ENGINEER,CGI,"Shawinigan, QC",https://ca.indeed.com/jobs?q=Junior+Data+Engineer&l=canada&sort=date&fromage=14&start=20&vjk=p_c50e64ee55c77529
307,10,p_04bc5c4e010e0e74,Seasonal Directional Driller,Weatherford,"Nisku, AB",https://ca.indeed.com/jobs?q=Junior+Data+Engineer&l=canada&sort=date&fromage=14&start=20&vjk=p_04bc5c4e010e0e74
308,10,p_c1b3496cef663878,Systems Administrator,IBI Group,"Toronto, ON",https://ca.indeed.com/jobs?q=Junior+Data+Engineer&l=canada&sort=date&fromage=14&start=20&vjk=p_c1b3496cef663878
309,10,p_025710d68872caf6,Junior Alternative Fuel Product Engineer,Westport Fuel Systems,"Cambridge, ON",https://ca.indeed.com/jobs?q=Junior+Data+Engineer&l=canada&sort=date&fromage=14&start=20&vjk=p_025710d68872caf6
310,10,p_3eaee4e8bc89a9b2,Full Stack Engineer,Manulife,"Waterloo, ON",https://ca.indeed.com/jobs?q=Junior+Data+Engineer&l=canada&sort=date&fromage=14&start=20&vjk=p_3eaee4e8bc89a9b2
311,10,p_4093b8e673e849ed,Shop Planner,WestCorp Solutions,"Vancouver, BC",https://ca.indeed.com/jobs?q=Junior+Data+Engineer&l=canada&sort=date&fromage=14&start=20&vjk=p_4093b8e673e849ed
312,10,p_bfd41e99e4c4459b,"Sustainability and Governance, Risk Assurance, Manager",PwC,"Toronto, ON",https://ca.indeed.com/jobs?q=Junior+Data+Engineer&l=canada&sort=date&fromage=14&start=20&vjk=p_bfd41e99e4c4459b
313,10,p_11f73a57a70dca14,Software Development Engineer - AWS Identity Service Quotas,Amazon Dev Centre Canada ULC,"Toronto, ON",https://ca.indeed.com/jobs?q=Junior+Data+Engineer&l=canada&sort=date&fromage=14&start=30&vjk=p_11f73a57a70dca14
314,10,p_dde2e58913843e22,Systems Development Engineer,Amazon Dev Centre Canada ULC,"Vancouver, BC",https://ca.indeed.com/jobs?q=Junior+Data+Engineer&l=canada&sort=date&fromage=14&start=30&vjk=p_dde2e58913843e22
315,10,p_ffae944d57ed77ed,Engineering Intern,Jacobs,"Calgary, AB",https://ca.indeed.com/jobs?q=Junior+Data+Engineer&l=canada&sort=date&fromage=14&start=30&vjk=p_ffae944d57ed77ed
316,10,p_797367736e4d9683,Backend Developer - Energy Management & Lean Manufacturing,Panevo Services Limited,"Vancouver, BC",https://ca.indeed.com/jobs?q=Junior+Data+Engineer&l=canada&sort=date&fromage=14&start=30&vjk=p_797367736e4d9683
317,10,p_6eaa546822c6809d,"Associate Director, Data Science & Analytics",Publicis Sapient,"Toronto, ON",https://ca.indeed.com/jobs?q=Junior+Data+Engineer&l=canada&sort=date&fromage=14&start=30&vjk=p_6eaa546822c6809d
318,10,p_41af8dc49cf84e4a,Software Engineer - API Gateway,Amazon Dev Centre Canada ULC,"Vancouver, BC",https://ca.indeed.com/jobs?q=Junior+Data+Engineer&l=canada&sort=date&fromage=14&start=30&vjk=p_41af8dc49cf84e4a
319,10,p_ab5dbbd9d0a52878,Civil or Mechanical Drafter/Designer,EASi,"New Westminster, BC",https://ca.indeed.com/jobs?q=Junior+Data+Engineer&l=canada&sort=date&fromage=14&start=30&vjk=p_ab5dbbd9d0a52878
320,10,p_7184b8281e891491,Software Development Engineer,Amazon Dev Centre Canada ULC,"Vancouver, BC",https://ca.indeed.com/jobs?q=Junior+Data+Engineer&l=canada&sort=date&fromage=14&start=30&vjk=p_7184b8281e891491
321,10,p_fe2c5f62b14e4062,Lead Studio Project Accountant,Dialog,"Toronto, ON",https://ca.indeed.com/jobs?q=Junior+Data+Engineer&l=canada&sort=date&fromage=14&start=30&vjk=p_fe2c5f62b14e4062
322,10,p_04d219dec86568d9,"Principal Full-Stack Software Developer, Fusion 360",Autodesk,"Montréal, QC",https://ca.indeed.com/jobs?q=Junior+Data+Engineer&l=canada&sort=date&fromage=14&start=30&vjk=p_04d219dec86568d9
323,10,p_c0f68e251218fbe7,Civil Engineering Intern/Student,SNC-Lavalin,"Saskatoon, SK",https://ca.indeed.com/jobs?q=Junior+Data+Engineer&l=canada&sort=date&fromage=14&start=30&vjk=p_c0f68e251218fbe7
324,10,p_1ed1893f5f7da633,Junior Mine Closure Specialist,Golder Associates,"Greater Sudbury, ON",https://ca.indeed.com/jobs?q=Junior+Data+Engineer&l=canada&sort=date&fromage=14&start=30&vjk=p_1ed1893f5f7da633
325,10,p_e38bd07bb051a594,Senior Data Analyst - Remote,Tucows,"Toronto, ON",https://ca.indeed.com/jobs?q=Junior+Data+Engineer&l=canada&sort=date&fromage=14&start=30&vjk=p_e38bd07bb051a594
326,10,p_b5144c27a481919c,"Software Development Engineer I, RDS",Amazon Dev Centre Canada ULC,"Vancouver, BC",https://ca.indeed.com/jobs?q=Junior+Data+Engineer&l=canada&sort=date&fromage=14&start=30&vjk=p_b5144c27a481919c
327,10,p_2e4fc4445f0fb6ef,"Sr. Software Engineer, Core",PC Financial,"Toronto, ON",https://ca.indeed.com/jobs?q=Junior+Data+Engineer&l=canada&sort=date&fromage=14&start=30&vjk=p_2e4fc4445f0fb6ef
328,10,p_e53ebff65974d95f,Geotechnical Engineer,Tetra Tech,"Edmonton, AB",https://ca.indeed.com/jobs?q=Junior+Data+Engineer&l=canada&sort=date&fromage=14&start=40&vjk=p_e53ebff65974d95f
329,10,p_926a102d14bb2f04,"Pipeline Technical Director, Level II",Industrial Light & Magic,"Vancouver, BC",https://ca.indeed.com/jobs?q=Junior+Data+Engineer&l=canada&sort=date&fromage=14&start=40&vjk=p_926a102d14bb2f04
330,10,p_1b31e52e72aa3516,Tier 2 Systems Technician,Powerland,"Winnipeg, MB",https://ca.indeed.com/jobs?q=Junior+Data+Engineer&l=canada&sort=date&fromage=14&start=40&vjk=p_1b31e52e72aa3516
331,10,p_a0f7ee0c706c0eb2,Turnaround Mechanical Planner,WestCorp Solutions,"Vancouver, BC",https://ca.indeed.com/jobs?q=Junior+Data+Engineer&l=canada&sort=date&fromage=14&start=40&vjk=p_a0f7ee0c706c0eb2
332,10,p_063513fa4e4402da,Senior Software Developer - Full Stack Mobile,Hopper,Canada,https://ca.indeed.com/jobs?q=Junior+Data+Engineer&l=canada&sort=date&fromage=14&start=40&vjk=p_063513fa4e4402da
333,10,p_88baa5a91fa29981,Lead Solution Architect,Ernst & Young,"Vancouver, BC",https://ca.indeed.com/jobs?q=Junior+Data+Engineer&l=canada&sort=date&fromage=14&start=40&vjk=p_88baa5a91fa29981
334,10,p_f32ed3a8af7dc456,Junior Software Engineer,ThoughtWire,"Toronto, ON",https://ca.indeed.com/jobs?q=Junior+Data+Engineer&l=canada&sort=date&fromage=14&start=40&vjk=p_f32ed3a8af7dc456
335,10,pj_630401d8006afe63,Jr. iOS Engineer,autoTRADER.ca,"Montréal, QC",https://ca.indeed.com/jobs?q=Junior+Data+Engineer&l=canada&sort=date&fromage=14&start=40&vjk=pj_630401d8006afe63
336,10,p_dbfa660845b2512e,Ingénieur de données / Data Engineer,Altitude Sports,"Montréal, QC",https://ca.indeed.com/jobs?q=Junior+Data+Engineer&l=canada&sort=date&fromage=14&start=40&vjk=p_dbfa660845b2512e
337,10,p_b625120a16d5d7f6,Jr. Android Engineer,Trader Corporation,"Toronto, ON",https://ca.indeed.com/jobs?q=Junior+Data+Engineer&l=canada&sort=date&fromage=14&start=40&vjk=p_b625120a16d5d7f6
338,10,p_7aa0efaa4f51df67,Junior Electrical Engineer,"Ultra Maritime, Maritime Systems","Dartmouth, NS",https://ca.indeed.com/jobs?q=Junior+Data+Engineer&l=canada&sort=date&fromage=14&start=40&vjk=p_7aa0efaa4f51df67
339,10,p_11df502fd7dab331,Test Engineer,Ballard Power Systems Inc.,"Burnaby, BC",https://ca.indeed.com/jobs?q=Junior+Data+Engineer&l=canada&sort=date&fromage=14&start=40&vjk=p_11df502fd7dab331
340,10,p_fd8601f917b1363d,Senior Data Engineer (Remote),SSENSE,"Montréal, QC",https://ca.indeed.com/jobs?q=Junior+Data+Engineer&l=canada&sort=date&fromage=14&start=40&vjk=p_fd8601f917b1363d
341,10,p_5a54fcb3671dd7ec,Développeur Full Stack / Full Stack Developer,Altitude Sports,"Montréal, QC",https://ca.indeed.com/jobs?q=Junior+Data+Engineer&l=canada&sort=date&fromage=14&start=40&vjk=p_5a54fcb3671dd7ec
342,10,p_1af748435f113fad,Intermediate Soil Scientist,Matrix Solutions Inc.,"Calgary, AB",https://ca.indeed.com/jobs?q=Junior+Data+Engineer&l=canada&sort=date&fromage=14&start=40&vjk=p_1af748435f113fad
343,10,p_50304decbe789c7d,Principal Software Engineer,Northbay,"Halifax, NS",https://ca.indeed.com/jobs?q=Junior+Data+Engineer&l=canada&sort=date&fromage=14&start=50&vjk=p_50304decbe789c7d
344,10,p_e07cbb583af520b9,Senior Test Engineer,Ballard Power Systems Inc.,"Burnaby, BC",https://ca.indeed.com/jobs?q=Junior+Data+Engineer&l=canada&sort=date&fromage=14&start=50&vjk=p_e07cbb583af520b9
345,10,p_1f1f8dd017c95a62,Software Development Engineer - Amazon Photos Sharing (Andro...,"AMZN CAN Fulfillment Svcs, ULC","Vancouver, BC",https://ca.indeed.com/jobs?q=Junior+Data+Engineer&l=canada&sort=date&fromage=14&start=50&vjk=p_1f1f8dd017c95a62
346,10,pj_c3e882f36bbe3a3e,Structural & Building Science Engineer,IRC Building Sciences Group,"London, ON",https://ca.indeed.com/jobs?q=Junior+Data+Engineer&l=canada&sort=date&fromage=14&start=50&vjk=pj_c3e882f36bbe3a3e
347,10,p_9411d3d6fe1cb545,Data Engineer,WCA Advisory Inc.,"Toronto, ON",https://ca.indeed.com/jobs?q=Junior+Data+Engineer&l=canada&sort=date&fromage=14&start=50&vjk=p_9411d3d6fe1cb545
348,10,p_ed90265bea0070a1,Junior Civil/Geotechnical or Geological Engineer,Klohn Crippen Berger,"Saskatoon, SK",https://ca.indeed.com/jobs?q=Junior+Data+Engineer&l=canada&sort=date&fromage=14&start=50&vjk=p_ed90265bea0070a1
349,10,p_1172f615ab98a9f7,"Engineer - Process, Junior",Linamar Corp,"Guelph, ON",https://ca.indeed.com/jobs?q=Junior+Data+Engineer&l=canada&sort=date&fromage=14&start=50&vjk=p_1172f615ab98a9f7
350,10,p_15cbfb7bd2ae642e,Hemmera - Junior or Intermediate Environmental Scientist/Eng...,Ausenco,"Whitehorse, YT",https://ca.indeed.com/jobs?q=Junior+Data+Engineer&l=canada&sort=date&fromage=14&start=50&vjk=p_15cbfb7bd2ae642e
351,10,p_781703f4a87379dc,Junior Biologist/Scientist,Jacobs,"Toronto, ON",https://ca.indeed.com/jobs?q=Junior+Data+Engineer&l=canada&sort=date&fromage=14&start=50&vjk=p_781703f4a87379dc
352,10,p_d30dead5b09ed169,Jr Data Integration Engineer,KORE Software,"Vancouver, BC",https://ca.indeed.com/jobs?q=Junior+Data+Engineer&l=canada&sort=date&fromage=14&start=50&vjk=p_d30dead5b09ed169
353,10,p_6386f4418f561175,Junior Traffic Engineer (EIT),McElhanney Ltd.,"Surrey, BC",https://ca.indeed.com/jobs?q=Junior+Data+Engineer&l=canada&sort=date&fromage=14&start=50&vjk=p_6386f4418f561175
354,10,p_47b9353b933891bf,Junior Field Technician / Field Engineer,Tower Engineering Professionals,"Calgary, AB",https://ca.indeed.com/jobs?q=Junior+Data+Engineer&l=canada&sort=date&fromage=14&start=50&vjk=p_47b9353b933891bf
355,10,pj_0cc44f9f31e48675,Backend Engineer,Flybits,"Toronto, ON",https://ca.indeed.com/jobs?q=Junior+Data+Engineer&l=canada&sort=date&fromage=14&start=50&vjk=pj_0cc44f9f31e48675
356,10,p_cb14c70f08d04d42,Junior Acoustics & Vibration Specialist/Engineer,Wood Plc,"Oakville, ON",https://ca.indeed.com/jobs?q=Junior+Data+Engineer&l=canada&sort=date&fromage=14&start=50&vjk=p_cb14c70f08d04d42
357,10,p_9ceafce891ea94d2,Sr. Tooling Engineer,Martinrea International Inc.,"St. Marys, ON",https://ca.indeed.com/jobs?q=Junior+Data+Engineer&l=canada&sort=date&fromage=14&start=50&vjk=p_9ceafce891ea94d2
358,10,p_2d7881ae67dc1431,Rock Mechanics Engineer,Kirkland Lake Gold,"Kirkland Lake, ON",https://ca.indeed.com/jobs?q=Junior+Data+Engineer&l=canada&sort=date&fromage=14&start=60&vjk=p_2d7881ae67dc1431
359,10,p_a70e22f29467e114,Junior Software Developer,DNAstack,"Toronto, ON",https://ca.indeed.com/jobs?q=Junior+Data+Engineer&l=canada&sort=date&fromage=14&start=60&vjk=p_a70e22f29467e114
360,10,p_37c796afe1aadf2d,Systems Engineering Intern,CommScope,"Mississauga, ON",https://ca.indeed.com/jobs?q=Junior+Data+Engineer&l=canada&sort=date&fromage=14&start=60&vjk=p_37c796afe1aadf2d
361,10,p_5b961b044aa4ba84,Front End Engineer,Amazon Dev Centre Canada ULC,"Toronto, ON",https://ca.indeed.com/jobs?q=Junior+Data+Engineer&l=canada&sort=date&fromage=14&start=60&vjk=p_5b961b044aa4ba84
362,10,pj_80e2161f64027d78,"Superintendent, Ore Body Knowledge",Rio Tinto,"Yellowknife, NT",https://ca.indeed.com/jobs?q=Junior+Data+Engineer&l=canada&sort=date&fromage=14&start=60&vjk=pj_80e2161f64027d78
363,10,p_aef2b75133b0106b,Tier 3 Systems Engineer,Powerland,"Regina, SK",https://ca.indeed.com/jobs?q=Junior+Data+Engineer&l=canada&sort=date&fromage=14&start=60&vjk=p_aef2b75133b0106b
364,10,p_a1091a52f7ff5973,"Data Scientist, AWS Security- Ottawa/Toronto","AMZN CAN Fulfillment Svcs, ULC","Ottawa, ON",https://ca.indeed.com/jobs?q=Junior+Data+Engineer&l=canada&sort=date&fromage=14&start=60&vjk=p_a1091a52f7ff5973
365,10,p_3c38c4bf9b5f334e,Senior Back-End Engineer,Insticator Inc,"Toronto, ON",https://ca.indeed.com/jobs?q=Junior+Data+Engineer&l=canada&sort=date&fromage=14&start=60&vjk=p_3c38c4bf9b5f334e
366,10,p_b15158324febedbb,Software Development Engineer,"AMZN CAN Fulfillment Svcs, ULC","Vancouver, BC",https://ca.indeed.com/jobs?q=Junior+Data+Engineer&l=canada&sort=date&fromage=14&start=60&vjk=p_b15158324febedbb
367,10,p_c98f4e2006a844b0,Intermediate Project Hydrogeologist,SNC-Lavalin,"Nelson, BC",https://ca.indeed.com/jobs?q=Junior+Data+Engineer&l=canada&sort=date&fromage=14&start=60&vjk=p_c98f4e2006a844b0
368,10,p_186de4753a37f262,Silicon Design Engineer 2 - 82024,"Advanced Micro Devices, Inc.","Markham, ON",https://ca.indeed.com/jobs?q=Junior+Data+Engineer&l=canada&sort=date&fromage=14&start=60&vjk=p_186de4753a37f262
369,10,p_c9a1c7ca37343229,Intermediate Environmental Soil and Groundwater Investigatio...,Equilibrium Environmental Inc.,"Calgary, AB",https://ca.indeed.com/jobs?q=Junior+Data+Engineer&l=canada&sort=date&fromage=14&start=60&vjk=p_c9a1c7ca37343229
370,10,p_4d44f61f48f8ba7a,"Automation Technician, Junior",Linamar Corp,"Guelph, ON",https://ca.indeed.com/jobs?q=Junior+Data+Engineer&l=canada&sort=date&fromage=14&start=60&vjk=p_4d44f61f48f8ba7a
371,10,p_3fd3f65e2782b38c,Junior Process/Mechanical Engineer,SNC-Lavalin,"Mississauga, ON",https://ca.indeed.com/jobs?q=Junior+Data+Engineer&l=canada&sort=date&fromage=14&start=60&vjk=p_3fd3f65e2782b38c
372,10,p_be8987edc11cf5b3,Production Specialist,Nanotech Security,"Thurso, QC",https://ca.indeed.com/jobs?q=Junior+Data+Engineer&l=canada&sort=date&fromage=14&start=60&vjk=p_be8987edc11cf5b3
373,10,p_dc22a48a1a1fe3af,Principal Mechanical Engineer,"Ultra Maritime, Maritime Systems","Halifax, NS",https://ca.indeed.com/jobs?q=Junior+Data+Engineer&l=canada&sort=date&fromage=14&start=70&vjk=p_dc22a48a1a1fe3af
374,10,p_aef2b75133b0106b,Tier 3 Systems Engineer,Powerland,"Regina, SK",https://ca.indeed.com/jobs?q=Junior+Data+Engineer&l=canada&sort=date&fromage=14&start=70&vjk=p_aef2b75133b0106b
375,10,p_3c38c4bf9b5f334e,Senior Back-End Engineer,Insticator Inc,"Toronto, ON",https://ca.indeed.com/jobs?q=Junior+Data+Engineer&l=canada&sort=date&fromage=14&start=70&vjk=p_3c38c4bf9b5f334e
376,10,p_186de4753a37f262,Silicon Design Engineer 2 - 82024,"Advanced Micro Devices, Inc.","Markham, ON",https://ca.indeed.com/jobs?q=Junior+Data+Engineer&l=canada&sort=date&fromage=14&start=70&vjk=p_186de4753a37f262
377,10,p_c9a1c7ca37343229,Intermediate Environmental Soil and Groundwater Investigatio...,Equilibrium Environmental Inc.,"Calgary, AB",https://ca.indeed.com/jobs?q=Junior+Data+Engineer&l=canada&sort=date&fromage=14&start=70&vjk=p_c9a1c7ca37343229
378,10,p_395adc8078afc345,Data Scientist Team Lead,MightyHive,"Toronto, ON",https://ca.indeed.com/jobs?q=Junior+Data+Engineer&l=canada&sort=date&fromage=14&start=70&vjk=p_395adc8078afc345
379,10,p_ec81d1ece1de39bf,Water Resources Engineer,Dillon Consulting Limited,"Calgary, AB",https://ca.indeed.com/jobs?q=Junior+Data+Engineer&l=canada&sort=date&fromage=14&start=70&vjk=p_ec81d1ece1de39bf
380,10,pj_94541377e6ef67bf,Senior Geotechnical Engineer (Surface),Rio Tinto,"Yellowknife, NT",https://ca.indeed.com/jobs?q=Junior+Data+Engineer&l=canada&sort=date&fromage=14&start=70&vjk=pj_94541377e6ef67bf
381,10,p_e1fc4e641f2d2be6,Assistant Golf Professional,New Castle Hotels,"Saint Andrews, NB",https://ca.indeed.com/jobs?q=Junior+Data+Engineer&l=canada&sort=date&fromage=14&start=70&vjk=p_e1fc4e641f2d2be6
382,10,p_ce1c9d6b1b18d7d1,"Security Engineer, AWS Security- Ottawa/Toronto","AMZN CAN Fulfillment Svcs, ULC","Ottawa, ON",https://ca.indeed.com/jobs?q=Junior+Data+Engineer&l=canada&sort=date&fromage=14&start=70&vjk=p_ce1c9d6b1b18d7d1
383,10,p_c967d2eafdc3e45f,Senior Backend Developer,CoLab Software,"St. John's, NL",https://ca.indeed.com/jobs?q=Junior+Data+Engineer&l=canada&sort=date&fromage=14&start=70&vjk=p_c967d2eafdc3e45f
384,10,p_d3e41b314ea637bc,"Senior Data Scientist, AWS Security- Ottawa/Toronto",Amazon Dev Centre Canada ULC,"Ottawa, ON",https://ca.indeed.com/jobs?q=Junior+Data+Engineer&l=canada&sort=date&fromage=14&start=70&vjk=p_d3e41b314ea637bc
385,10,p_6de795974b8cfef2,"Intermediate Structural / Building Science Engineer- London,...",IRC Building Sciences Group,"London, ON",https://ca.indeed.com/jobs?q=Junior+Data+Engineer&l=canada&sort=date&fromage=14&start=70&vjk=p_6de795974b8cfef2
386,10,p_651d98ed5c47e13b,Environmental Division Manager,McElhanney Ltd.,"Langley, BC",https://ca.indeed.com/jobs?q=Junior+Data+Engineer&l=canada&sort=date&fromage=14&start=70&vjk=p_651d98ed5c47e13b
387,10,p_0871681b96393ed3,Senior Project Hydrogeologist,SNC-Lavalin,"Nelson, BC",https://ca.indeed.com/jobs?q=Junior+Data+Engineer&l=canada&sort=date&fromage=14&start=70&vjk=p_0871681b96393ed3
388,10,p_41a43b0e87ded22c,"Senior Staff Software Engineer, Ingestion and Query",Lookout,Ontario,https://ca.indeed.com/jobs?q=Junior+Data+Engineer&l=canada&sort=date&fromage=14&start=80&vjk=p_41a43b0e87ded22c
389,10,p_d3e41b314ea637bc,"Senior Data Scientist, AWS Security- Ottawa/Toronto",Amazon Dev Centre Canada ULC,"Ottawa, ON",https://ca.indeed.com/jobs?q=Junior+Data+Engineer&l=canada&sort=date&fromage=14&start=80&vjk=p_d3e41b314ea637bc
390,10,p_6de795974b8cfef2,"Intermediate Structural / Building Science Engineer- London,...",IRC Building Sciences Group,"London, ON",https://ca.indeed.com/jobs?q=Junior+Data+Engineer&l=canada&sort=date&fromage=14&start=80&vjk=p_6de795974b8cfef2
391,10,p_651d98ed5c47e13b,Environmental Division Manager,McElhanney Ltd.,"Langley, BC",https://ca.indeed.com/jobs?q=Junior+Data+Engineer&l=canada&sort=date&fromage=14&start=80&vjk=p_651d98ed5c47e13b
392,10,p_0871681b96393ed3,Senior Project Hydrogeologist,SNC-Lavalin,"Nelson, BC",https://ca.indeed.com/jobs?q=Junior+Data+Engineer&l=canada&sort=date&fromage=14&start=80&vjk=p_0871681b96393ed3
393,10,p_1f4cd521b58d1b30,Intermediate Geotechnical Engineer (2 positions) - Mississau...,GHD,"Mississauga, ON",https://ca.indeed.com/jobs?q=Junior+Data+Engineer&l=canada&sort=date&fromage=14&start=80&vjk=p_1f4cd521b58d1b30
394,10,p_3968e7316a63eb45,Software Development Engineer – In-Memory Distributed System...,Amazon Dev Centre Canada ULC,"Vancouver, BC",https://ca.indeed.com/jobs?q=Junior+Data+Engineer&l=canada&sort=date&fromage=14&start=80&vjk=p_3968e7316a63eb45
395,10,p_3051ed1d9096b0d6,Structural Project Manager,GEI Consultants Inc,"Kitchener, ON",https://ca.indeed.com/jobs?q=Junior+Data+Engineer&l=canada&sort=date&fromage=14&start=80&vjk=p_3051ed1d9096b0d6
396,10,p_f72abf11e62ac218,Pr. Engineer-Design,Microchip Technology,"Ottawa, ON",https://ca.indeed.com/jobs?q=Junior+Data+Engineer&l=canada&sort=date&fromage=14&start=80&vjk=p_f72abf11e62ac218
397,10,p_f18e0002e03cf044,Principal UI Engineer/Developer,Informatica,"Toronto, ON",https://ca.indeed.com/jobs?q=Junior+Data+Engineer&l=canada&sort=date&fromage=14&start=80&vjk=p_f18e0002e03cf044
398,10,p_16c25f3d19f79e12,"Senior Software Engineer, Full Stack (Java, Javascript)",Tableau,"Vancouver, BC",https://ca.indeed.com/jobs?q=Junior+Data+Engineer&l=canada&sort=date&fromage=14&start=80&vjk=p_16c25f3d19f79e12
399,10,p_6f74424118f7fb71,"Sr. PM, Transportation Planning & Environmental Assessments",Parsons,"Toronto, ON",https://ca.indeed.com/jobs?q=Junior+Data+Engineer&l=canada&sort=date&fromage=14&start=80&vjk=p_6f74424118f7fb71
400,10,p_0f6482d1b09bf9b4,Senior Full Stack Developer,PAI Health,"Vancouver, BC",https://ca.indeed.com/jobs?q=Junior+Data+Engineer&l=canada&sort=date&fromage=14&start=80&vjk=p_0f6482d1b09bf9b4
401,10,p_ddbdd6c41b2ef901,"Senior Software Engineer, Full Stack (Java, Javascript)",Salesforce,"Vancouver, BC",https://ca.indeed.com/jobs?q=Junior+Data+Engineer&l=canada&sort=date&fromage=14&start=80&vjk=p_ddbdd6c41b2ef901
402,10,p_ba77759e46296edb,"Software Development Engineer, AWS Security- Toronto/Ottawa","AMZN CAN Fulfillment Svcs, ULC","Toronto, ON",https://ca.indeed.com/jobs?q=Junior+Data+Engineer&l=canada&sort=date&fromage=14&start=80&vjk=p_ba77759e46296edb
403,10,p_0340617fb60f53a3,Senior Structural Engineer,Hatch,"Greater Sudbury, ON",https://ca.indeed.com/jobs?q=Junior+Data+Engineer&l=canada&sort=date&fromage=14&start=90&vjk=p_0340617fb60f53a3
404,10,p_389e08f6647990f5,Senior Mine Engineer,Pretium Resources,British Columbia,https://ca.indeed.com/jobs?q=Junior+Data+Engineer&l=canada&sort=date&fromage=14&start=90&vjk=p_389e08f6647990f5
405,10,p_2abd73ff8802a76f,Senior Network Specialist,Combat Networks,"Ottawa, ON",https://ca.indeed.com/jobs?q=Junior+Data+Engineer&l=canada&sort=date&fromage=14&start=90&vjk=p_2abd73ff8802a76f
406,10,p_d79573da17f1434f,Senior Backend Software Engineer,SnapTravel,"Toronto, ON",https://ca.indeed.com/jobs?q=Junior+Data+Engineer&l=canada&sort=date&fromage=14&start=90&vjk=p_d79573da17f1434f
407,10,p_a00f570f39550cc4,Urban Assessment and Remediation Professional #17-2010-RR-C...,Millennium EMS Solutions,"Calgary, AB",https://ca.indeed.com/jobs?q=Junior+Data+Engineer&l=canada&sort=date&fromage=14&start=90&vjk=p_a00f570f39550cc4
408,10,p_3d070f145e1d6300,Backend Software Engineer,SnapTravel,"Toronto, ON",https://ca.indeed.com/jobs?q=Junior+Data+Engineer&l=canada&sort=date&fromage=14&start=90&vjk=p_3d070f145e1d6300
409,10,p_81c0bb2eae9750d2,Senior Fullstack Software Engineer,SnapTravel,"Toronto, ON",https://ca.indeed.com/jobs?q=Junior+Data+Engineer&l=canada&sort=date&fromage=14&start=90&vjk=p_81c0bb2eae9750d2
410,10,p_da66e3b24d28e98a,Environmental Engineer / Geoscientist,SLR Consulting (Canada),"Regina, SK",https://ca.indeed.com/jobs?q=Junior+Data+Engineer&l=canada&sort=date&fromage=14&start=100&vjk=p_da66e3b24d28e98a
411,10,p_81d25cf2d0695369,Front End Developer,Operto Guest Technologies,"Vancouver, BC",https://ca.indeed.com/jobs?q=Junior+Data+Engineer&l=canada&sort=date&fromage=14&start=100&vjk=p_81d25cf2d0695369
412,10,p_0340617fb60f53a3,Senior Structural Engineer,Hatch,"Greater Sudbury, ON",https://ca.indeed.com/jobs?q=Junior+Data+Engineer&l=canada&sort=date&fromage=14&start=100&vjk=p_0340617fb60f53a3
413,10,p_389e08f6647990f5,Senior Mine Engineer,Pretium Resources,British Columbia,https://ca.indeed.com/jobs?q=Junior+Data+Engineer&l=canada&sort=date&fromage=14&start=100&vjk=p_389e08f6647990f5
414,10,p_2abd73ff8802a76f,Senior Network Specialist,Combat Networks,"Ottawa, ON",https://ca.indeed.com/jobs?q=Junior+Data+Engineer&l=canada&sort=date&fromage=14&start=100&vjk=p_2abd73ff8802a76f
415,10,p_d79573da17f1434f,Senior Backend Software Engineer,SnapTravel,"Toronto, ON",https://ca.indeed.com/jobs?q=Junior+Data+Engineer&l=canada&sort=date&fromage=14&start=100&vjk=p_d79573da17f1434f
416,10,p_a00f570f39550cc4,Urban Assessment and Remediation Professional #17-2010-RR-C...,Millennium EMS Solutions,"Calgary, AB",https://ca.indeed.com/jobs?q=Junior+Data+Engineer&l=canada&sort=date&fromage=14&start=100&vjk=p_a00f570f39550cc4
417,10,p_3d070f145e1d6300,Backend Software Engineer,SnapTravel,"Toronto, ON",https://ca.indeed.com/jobs?q=Junior+Data+Engineer&l=canada&sort=date&fromage=14&start=100&vjk=p_3d070f145e1d6300
418,10,p_81c0bb2eae9750d2,Senior Fullstack Software Engineer,SnapTravel,"Toronto, ON",https://ca.indeed.com/jobs?q=Junior+Data+Engineer&l=canada&sort=date&fromage=14&start=100&vjk=p_81c0bb2eae9750d2
419,10,p_f005a40cd65ad4ca,"Senior Software Development Engineer, AWS Security- Ottawa/T...","AMZN CAN Fulfillment Svcs, ULC","Ottawa, ON",https://ca.indeed.com/jobs?q=Junior+Data+Engineer&l=canada&sort=date&fromage=14&start=110&vjk=p_f005a40cd65ad4ca
420,10,p_813c534deed4c444,Junior Urban Assessment and Remediation Professional #18-201...,Millennium EMS Solutions,"Calgary, AB",https://ca.indeed.com/jobs?q=Junior+Data+Engineer&l=canada&sort=date&fromage=14&start=110&vjk=p_813c534deed4c444
421,10,p_d97d263d412a455c,Fullstack Software Engineer,SnapTravel,"Toronto, ON",https://ca.indeed.com/jobs?q=Junior+Data+Engineer&l=canada&sort=date&fromage=14&start=110&vjk=p_d97d263d412a455c
422,10,p_f96c3f6ff3facd01,Jr. Nuage/Cloud 2LS CS Engineer,ION IP Optical Networks,"Ottawa, ON",https://ca.indeed.com/jobs?q=Junior+Data+Engineer&l=canada&sort=date&fromage=14&start=110&vjk=p_f96c3f6ff3facd01
423,10,p_f963cfa272b57d99,#21-2010-AR-GP Junior Assessment and Remediation Professiona...,Millennium EMS Solutions,"Grande Prairie, AB",https://ca.indeed.com/jobs?q=Junior+Data+Engineer&l=canada&sort=date&fromage=14&start=110&vjk=p_f963cfa272b57d99
424,10,p_4f132dadad130133,Environmental Engineer/Geoscientist,SLR Consulting,"Regina, SK",https://ca.indeed.com/jobs?q=Junior+Data+Engineer&l=canada&sort=date&fromage=14&start=110&vjk=p_4f132dadad130133
425,10,p_da66e3b24d28e98a,Environmental Engineer / Geoscientist,SLR Consulting (Canada),"Regina, SK",https://ca.indeed.com/jobs?q=Junior+Data+Engineer&l=canada&sort=date&fromage=14&start=110&vjk=p_da66e3b24d28e98a
426,10,p_81d25cf2d0695369,Front End Developer,Operto Guest Technologies,"Vancouver, BC",https://ca.indeed.com/jobs?q=Junior+Data+Engineer&l=canada&sort=date&fromage=14&start=110&vjk=p_81d25cf2d0695369
427,10,p_0340617fb60f53a3,Senior Structural Engineer,Hatch,"Greater Sudbury, ON",https://ca.indeed.com/jobs?q=Junior+Data+Engineer&l=canada&sort=date&fromage=14&start=110&vjk=p_0340617fb60f53a3
428,10,p_389e08f6647990f5,Senior Mine Engineer,Pretium Resources,British Columbia,https://ca.indeed.com/jobs?q=Junior+Data+Engineer&l=canada&sort=date&fromage=14&start=110&vjk=p_389e08f6647990f5
429,10,p_2abd73ff8802a76f,Senior Network Specialist,Combat Networks,"Ottawa, ON",https://ca.indeed.com/jobs?q=Junior+Data+Engineer&l=canada&sort=date&fromage=14&start=110&vjk=p_2abd73ff8802a76f
430,10,p_d79573da17f1434f,Senior Backend Software Engineer,SnapTravel,"Toronto, ON",https://ca.indeed.com/jobs?q=Junior+Data+Engineer&l=canada&sort=date&fromage=14&start=110&vjk=p_d79573da17f1434f
431,10,p_a00f570f39550cc4,Urban Assessment and Remediation Professional #17-2010-RR-C...,Millennium EMS Solutions,"Calgary, AB",https://ca.indeed.com/jobs?q=Junior+Data+Engineer&l=canada&sort=date&fromage=14&start=110&vjk=p_a00f570f39550cc4
432,10,p_3d070f145e1d6300,Backend Software Engineer,SnapTravel,"Toronto, ON",https://ca.indeed.com/jobs?q=Junior+Data+Engineer&l=canada&sort=date&fromage=14&start=110&vjk=p_3d070f145e1d6300
433,10,p_81c0bb2eae9750d2,Senior Fullstack Software Engineer,SnapTravel,"Toronto, ON",https://ca.indeed.com/jobs?q=Junior+Data+Engineer&l=canada&sort=date&fromage=14&start=110&vjk=p_81c0bb2eae9750d2
434,10,p_2b4b3cb1d0b7ae36,"Senior Project Manager, Transportation Planning & Environmen...",Parsons,"Markham, ON",https://ca.indeed.com/jobs?q=Junior+Data+Engineer&l=canada&sort=date&fromage=14&start=120&vjk=p_2b4b3cb1d0b7ae36
435,10,p_813c534deed4c444,Junior Urban Assessment and Remediation Professional #18-201...,Millennium EMS Solutions,"Calgary, AB",https://ca.indeed.com/jobs?q=Junior+Data+Engineer&l=canada&sort=date&fromage=14&start=120&vjk=p_813c534deed4c444
436,10,p_d97d263d412a455c,Fullstack Software Engineer,SnapTravel,"Toronto, ON",https://ca.indeed.com/jobs?q=Junior+Data+Engineer&l=canada&sort=date&fromage=14&start=120&vjk=p_d97d263d412a455c
437,10,p_f96c3f6ff3facd01,Jr. Nuage/Cloud 2LS CS Engineer,ION IP Optical Networks,"Ottawa, ON",https://ca.indeed.com/jobs?q=Junior+Data+Engineer&l=canada&sort=date&fromage=14&start=120&vjk=p_f96c3f6ff3facd01
438,10,p_f963cfa272b57d99,#21-2010-AR-GP Junior Assessment and Remediation Professiona...,Millennium EMS Solutions,"Grande Prairie, AB",https://ca.indeed.com/jobs?q=Junior+Data+Engineer&l=canada&sort=date&fromage=14&start=120&vjk=p_f963cfa272b57d99
439,10,p_4f132dadad130133,Environmental Engineer/Geoscientist,SLR Consulting,"Regina, SK",https://ca.indeed.com/jobs?q=Junior+Data+Engineer&l=canada&sort=date&fromage=14&start=120&vjk=p_4f132dadad130133
440,10,p_da66e3b24d28e98a,Environmental Engineer / Geoscientist,SLR Consulting (Canada),"Regina, SK",https://ca.indeed.com/jobs?q=Junior+Data+Engineer&l=canada&sort=date&fromage=14&start=120&vjk=p_da66e3b24d28e98a
441,10,p_81d25cf2d0695369,Front End Developer,Operto Guest Technologies,"Vancouver, BC",https://ca.indeed.com/jobs?q=Junior+Data+Engineer&l=canada&sort=date&fromage=14&start=120&vjk=p_81d25cf2d0695369
442,10,p_0340617fb60f53a3,Senior Structural Engineer,Hatch,"Greater Sudbury, ON",https://ca.indeed.com/jobs?q=Junior+Data+Engineer&l=canada&sort=date&fromage=14&start=120&vjk=p_0340617fb60f53a3
443,10,p_389e08f6647990f5,Senior Mine Engineer,Pretium Resources,British Columbia,https://ca.indeed.com/jobs?q=Junior+Data+Engineer&l=canada&sort=date&fromage=14&start=120&vjk=p_389e08f6647990f5
444,10,p_2abd73ff8802a76f,Senior Network Specialist,Combat Networks,"Ottawa, ON",https://ca.indeed.com/jobs?q=Junior+Data+Engineer&l=canada&sort=date&fromage=14&start=120&vjk=p_2abd73ff8802a76f
445,10,p_d79573da17f1434f,Senior Backend Software Engineer,SnapTravel,"Toronto, ON",https://ca.indeed.com/jobs?q=Junior+Data+Engineer&l=canada&sort=date&fromage=14&start=120&vjk=p_d79573da17f1434f
446,10,p_a00f570f39550cc4,Urban Assessment and Remediation Professional #17-2010-RR-C...,Millennium EMS Solutions,"Calgary, AB",https://ca.indeed.com/jobs?q=Junior+Data+Engineer&l=canada&sort=date&fromage=14&start=120&vjk=p_a00f570f39550cc4
447,10,p_3d070f145e1d6300,Backend Software Engineer,SnapTravel,"Toronto, ON",https://ca.indeed.com/jobs?q=Junior+Data+Engineer&l=canada&sort=date&fromage=14&start=120&vjk=p_3d070f145e1d6300
448,10,p_81c0bb2eae9750d2,Senior Fullstack Software Engineer,SnapTravel,"Toronto, ON",https://ca.indeed.com/jobs?q=Junior+Data+Engineer&l=canada&sort=date&fromage=14&start=120&vjk=p_81c0bb2eae9750d2
449,11,p_e591b271e7e17473,Junior R&D Engineer (Temporary 1 year),Enerkem Inc.,"Westbury, QC",https://ca.indeed.com/jobs?q=Junior+Sustainable+Energy+Engineer&l=canada&sort=date&fromage=14&start=0&vjk=p_e591b271e7e17473
450,11,p_f83316d9f3a1a1f0,Manager of Project Controls - Ontario,GHD,"Toronto, ON",https://ca.indeed.com/jobs?q=Junior+Sustainable+Energy+Engineer&l=canada&sort=date&fromage=14&start=0&vjk=p_f83316d9f3a1a1f0
451,11,p_b66c31a21bb86b95,Project Controls Manager - Ontario,GHD,"Toronto, ON",https://ca.indeed.com/jobs?q=Junior+Sustainable+Energy+Engineer&l=canada&sort=date&fromage=14&start=0&vjk=p_b66c31a21bb86b95
452,11,p_7a433682fd0df720,Senior Geotechnical Engineer,Tetra Tech,"Vancouver, BC",https://ca.indeed.com/jobs?q=Junior+Sustainable+Energy+Engineer&l=canada&sort=date&fromage=14&start=0&vjk=p_7a433682fd0df720
453,11,p_bb32230b8141d238,Junior Process Engineer,Enerkem Inc.,"Montréal, QC",https://ca.indeed.com/jobs?q=Junior+Sustainable+Energy+Engineer&l=canada&sort=date&fromage=14&start=0&vjk=p_bb32230b8141d238
454,11,p_2158dfd62c9b326f,Senior Mechanical Engineer,AECOM,"Whitby, ON",https://ca.indeed.com/jobs?q=Junior+Sustainable+Energy+Engineer&l=canada&sort=date&fromage=14&start=0&vjk=p_2158dfd62c9b326f
455,11,p_bfd41e99e4c4459b,"Sustainability and Governance, Risk Assurance, Manager",PwC,"Toronto, ON",https://ca.indeed.com/jobs?q=Junior+Sustainable+Energy+Engineer&l=canada&sort=date&fromage=14&start=0&vjk=p_bfd41e99e4c4459b
456,11,p_f2d5f28cc972a50f,Engineering Manager - GTA,GHD,"Toronto, ON",https://ca.indeed.com/jobs?q=Junior+Sustainable+Energy+Engineer&l=canada&sort=date&fromage=14&start=0&vjk=p_f2d5f28cc972a50f
457,11,p_e53ebff65974d95f,Geotechnical Engineer,Tetra Tech,"Edmonton, AB",https://ca.indeed.com/jobs?q=Junior+Sustainable+Energy+Engineer&l=canada&sort=date&fromage=14&start=0&vjk=p_e53ebff65974d95f
458,11,p_7f41054642650cfa,Senior Buildings Mechanical Engineer,Jacobs,"Toronto, ON",https://ca.indeed.com/jobs?q=Junior+Sustainable+Energy+Engineer&l=canada&sort=date&fromage=14&start=0&vjk=p_7f41054642650cfa
459,11,p_8a1123325ba270e3,Electrical EIT - Vancouver,Ausenco,"Vancouver, BC",https://ca.indeed.com/jobs?q=Junior+Sustainable+Energy+Engineer&l=canada&sort=date&fromage=14&start=0&vjk=p_8a1123325ba270e3
460,11,p_7c25592e995b383c,Sr. Firmware Engineer,Neurio Technology,"Vancouver, BC",https://ca.indeed.com/jobs?q=Junior+Sustainable+Energy+Engineer&l=canada&sort=date&fromage=14&start=0&vjk=p_7c25592e995b383c
461,11,p_66cdb9a2c5c6f939,Waste Managment Specialist,GHD,"Richmond, BC",https://ca.indeed.com/jobs?q=Junior+Sustainable+Energy+Engineer&l=canada&sort=date&fromage=14&start=0&vjk=p_66cdb9a2c5c6f939
462,11,p_1f4cd521b58d1b30,Intermediate Geotechnical Engineer (2 positions) - Mississau...,GHD,"Mississauga, ON",https://ca.indeed.com/jobs?q=Junior+Sustainable+Energy+Engineer&l=canada&sort=date&fromage=14&start=0&vjk=p_1f4cd521b58d1b30
463,11,p_15e52d63cdf26012,Senior Geotechnical Engineer,AECOM,"Edmonton, AB",https://ca.indeed.com/jobs?q=Junior+Sustainable+Energy+Engineer&l=canada&sort=date&fromage=14&start=0&vjk=p_15e52d63cdf26012
464,11,p_850f5e5d617f52d6,Senior Geotechnical Engineer (Mississauga),GHD,"Mississauga, ON",https://ca.indeed.com/jobs?q=Junior+Sustainable+Energy+Engineer&l=canada&sort=date&fromage=14&start=10&vjk=p_850f5e5d617f52d6
465,12,p_e591b271e7e17473,Junior R&D Engineer (Temporary 1 year),Enerkem Inc.,"Westbury, QC",https://ca.indeed.com/jobs?q=Junior+Renewable+Energy+Engineer&l=canada&sort=date&fromage=14&start=0&vjk=p_e591b271e7e17473
466,12,p_bb32230b8141d238,Junior Process Engineer,Enerkem Inc.,"Montréal, QC",https://ca.indeed.com/jobs?q=Junior+Renewable+Energy+Engineer&l=canada&sort=date&fromage=14&start=0&vjk=p_bb32230b8141d238
467,12,p_1af748435f113fad,Intermediate Soil Scientist,Matrix Solutions Inc.,"Calgary, AB",https://ca.indeed.com/jobs?q=Junior+Renewable+Energy+Engineer&l=canada&sort=date&fromage=14&start=0&vjk=p_1af748435f113fad
468,12,p_66cdb9a2c5c6f939,Waste Managment Specialist,GHD,"Richmond, BC",https://ca.indeed.com/jobs?q=Junior+Renewable+Energy+Engineer&l=canada&sort=date&fromage=14&start=0&vjk=p_66cdb9a2c5c6f939
469,12,p_8eedebf8bbd98084,Ingénieur Senior en Electricité / Senior Electrical Engineer,Arup,"Montréal, QC",https://ca.indeed.com/jobs?q=Junior+Renewable+Energy+Engineer&l=canada&sort=date&fromage=14&start=0&vjk=p_8eedebf8bbd98084
470,12,p_e591b271e7e17473,Junior R&D Engineer (Temporary 1 year),Enerkem Inc.,"Westbury, QC",https://ca.indeed.com/jobs?q=Junior+Renewable+Energy+Engineer&l=canada&sort=date&fromage=14&start=10&vjk=p_e591b271e7e17473
471,12,p_bb32230b8141d238,Junior Process Engineer,Enerkem Inc.,"Montréal, QC",https://ca.indeed.com/jobs?q=Junior+Renewable+Energy+Engineer&l=canada&sort=date&fromage=14&start=10&vjk=p_bb32230b8141d238
472,12,p_1af748435f113fad,Intermediate Soil Scientist,Matrix Solutions Inc.,"Calgary, AB",https://ca.indeed.com/jobs?q=Junior+Renewable+Energy+Engineer&l=canada&sort=date&fromage=14&start=10&vjk=p_1af748435f113fad
473,12,p_66cdb9a2c5c6f939,Waste Managment Specialist,GHD,"Richmond, BC",https://ca.indeed.com/jobs?q=Junior+Renewable+Energy+Engineer&l=canada&sort=date&fromage=14&start=10&vjk=p_66cdb9a2c5c6f939
474,12,p_8eedebf8bbd98084,Ingénieur Senior en Electricité / Senior Electrical Engineer,Arup,"Montréal, QC",https://ca.indeed.com/jobs?q=Junior+Renewable+Energy+Engineer&l=canada&sort=date&fromage=14&start=10&vjk=p_8eedebf8bbd98084
